Workbook

Sheet Guide
A1: NSEPulse — NSE Market Dashboard (demo)
A3: SYNTHETIC SAMPLE DATA — every figure in this workbook is deterministic
A4: fictional demo data (generate.py, seed 20261023). It is NOT real NSE data.
A6: Sheet map:
A7: Dashboard — 6 KPI cards + top-gainers and OI-buildup charts
A8: Raw_Today — today's snapshot; every derived column is a formula
A9: Raw_PrevDay — previous snapshot (LTP, 20-day avg volume, OI)
A10: Top_Movers — top-10 gainers / losers, extracted by formula
A11: OI_Signals — top-10 long buildups + volume shockers
A12: Sector_Heatmap — sector breadth, avg move, volume, OI change
A13: Checks — 8 self-tests; all must read TRUE
A15: OI interpretation (standard price-OI logic):
... A20: paste/refresh Raw_Today + Raw_PrevDay — every sheet recomputes.

Sheet Dashboard
A1: NSEPulse — Market Dashboard
A2: SYNTHETIC SAMPLE DATA — see Guide
A4: Top Gainer | B4: =INDEX(Raw_Today!$A$2:$A$61,MATCH(MAX(Raw_Today!$F$2:$F$61),Raw_Today!$F$2:$F$61,0)) | C4: =MAX(Raw_Today!$F$2:$F$61)
A6: Top Loser | B6: =INDEX(Raw_Today!$A$2:$A$61,MATCH(MIN(Raw_Today!$F$2:$F$61),Raw_Today!$F$2:$F$61,0)) | C6: =MIN(Raw_Today!$F$2:$F$61)
A8: Strongest Long Buildup | B8: =INDEX(Raw_Today!$A$2:$A$61,MATCH(MAX(Raw_Today!$M$2:$M$61),Raw_Today!$M$2:$M$61,0)) | C8: =MAX(Raw_Today!$M$2:$M$61)
A10: Biggest Volume Shocker | B10: =INDEX(Raw_Today!$A$2:$A$61,MATCH(MAX(Raw_Today!$I$2:$I$61),Raw_Today!$I$2:$I$61,0)) | C10: =MAX(Raw_Today!$I$2:$I$61)
A12: Advancers / Decliners | B12: =COUNTIF(Raw_Today!$F$2:$F$61,">0")&" / "&COUNTIF(Raw_Today!$F$2:$F$61,"<0")
A14: Total OI Change | B14: =SUM(Raw_Today!$G$2:$G$61) | C14: =(SUM(Raw_Today!$E$2:$E$61)-SUM(Raw_PrevDay!$E$2:$E$61))/SUM(Raw_PrevDay!$E$2:$E$61)

Sheet Raw_PrevDay
A1: Ticker | B1: Sector | C1: LTP_Prev | D1: Vol20d_Avg | E1: OI_Prev
A2: HDFCBANK | B2: Banking | C2: 368.79 | D2: 1963672 | E2: 25025949
A3: ICICIBANK | B3: Banking | C3: 2936.82 | D3: 2403750 | E3: 35041554
A4: SBIN | B4: Banking | C4: 2936.83 | D4: 1195850 | E4: 36180438
A5: KOTAKBANK | B5: Banking | C5: 556.77 | D5: 2314463 | E5: 16369720
A6: AXISBANK | B6: Banking | C6: 2133.49 | D6: 293303 | E6: 17081765
A7: INDUSINDBK | B7: Banking | C7: 2857.91 | D7: 1266206 | E7: 42143727
A8: FEDERALBNK | B8: Banking | C8: 850.23 | D8: 5382048 | E8: 44927156
A9: BANDHANBNK | B9: Banking | C9: 433.6 | D9: 6194734 | E9: 56318012
A10: IDFCFIRSTB | B10: Banking | C10: 338.18 | D10: 7306862 | E10: 36666408
A11: TCS | B11: IT | C11: 1707.96 | D11: 5826159 | E11: 50398588
A12: INFY | B12: IT | C12: 1374.86 | D12: 2232111 | E12: 17586562
A13: WIPRO | B13: IT | C13: 709.49 | D13: 677714 | E13: 11397532
... A61: PHOENIXLTD | B61: Realty | C61: 456.12 | D61: 1115663 | E61: 29302660

Sheet Raw_Today
A1: Ticker | B1: Sector | C1: LTP | D1: Volume | E1: OI | F1: % Change | G1: OI Change | H1: OI Chg % | I1: Vol Multiple | J1: Signal | K1: HL_Gain | L1: HL_Loss | M1: HL_LongBuild
A2: HDFCBANK | B2: Banking | C2: 370.43 | D2: 2515060 | E2: 23201649 | F2: =(C2-VLOOKUP(A2,Raw_PrevDay!$A$2:$E$61,3,0))/VLOOKUP(A2,Raw_PrevDay!$A$2:$E$61,3,0) | G2: =E2-VLOOKUP(A2,Raw_PrevDay!$A$2:$E$61,5,0) | H2: =G2/VLOOKUP(A2,Raw_PrevDay!$A$2:$E$61,5,0) | I2: =D2/VLOOKUP(A2,Raw_PrevDay!$A$2:$E$61,4,0) | J2: =IF(AND(F2>0,G2>0),"Long Buildup",IF(AND(F2<0,G2>0),"Short Buildup",IF(AND(F2<0,G2<0),"Long Unwinding",IF(AND(F2>0,G2<0),"Short Covering","Neutral")))) | K2: =IF(F2>0,F2,0) | L2: =IF(F2<0,F2,0) | M2: =IF(J2="Long Buildup",H2,0)
A3: ICICIBANK | B3: Banking | C3: 2950.08 | D3: 4361550 | E3: 33286303 | F3: =(C3-VLOOKUP(A3,Raw_PrevDay!$A$2:$E$61,3,0))/VLOOKUP(A3,Raw_PrevDay!$A$2:$E$61,3,0) | G3: =E3-VLOOKUP(A3,Raw_PrevDay!$A$2:$E$61,5,0) | H3: =G3/VLOOKUP(A3,Raw_PrevDay!$A$2:$E$61,5,0) | I3: =D3/VLOOKUP(A3,Raw_PrevDay!$A$2:$E$61,4,0) | J3: =IF(AND(F3>0,G3>0),"Long Buildup",IF(AND(F3<0,G3>0),"Short Buildup",IF(AND(F3<0,G3<0),"Long Unwinding",IF(AND(F3>0,G3<0),"Short Covering","Neutral")))) | K3: =IF(F3>0,F3,0) | L3: =IF(F3<0,F3,0) | M3: =IF(J3="Long Buildup",H3,0)
A4: SBIN | B4: Banking | C4: 2994.33 | D4: 2961230 | E4: 36772272 | F4: =(C4-VLOOKUP(A4,Raw_PrevDay!$A$2:$E$61,3,0))/VLOOKUP(A4,Raw_PrevDay!$A$2:$E$61,3,0) | G4: =E4-VLOOKUP(A4,Raw_PrevDay!$A$2:$E$61,5,0) | H4: =G4/VLOOKUP(A4,Raw_PrevDay!$A$2:$E$61,5,0) | I4: =D4/VLOOKUP(A4,Raw_PrevDay!$A$2:$E$61,4,0) | J4: =IF(AND(F4>0,G4>0),"Long Buildup",IF(AND(F4<0,G4>0),"Short Buildup",IF(AND(F4<0,G4<0),"Long Unwinding",IF(AND(F4>0,G4<0),"Short Covering","Neutral")))) | K4: =IF(F4>0,F4,0) | L4: =IF(F4<0,F4,0) | M4: =IF(J4="Long Buildup",H4,0)
A5: KOTAKBANK | B5: Banking | C5: 549.57 | D5: 4117384 | E5: 18742947 | F5: =(C5-VLOOKUP(A5,Raw_PrevDay!$A$2:$E$61,3,0))/VLOOKUP(A5,Raw_PrevDay!$A$2:$E$61,3,0) | G5: =E5-VLOOKUP(A5,Raw_PrevDay!$A$2:$E$61,5,0) | H5: =G5/VLOOKUP(A5,Raw_PrevDay!$A$2:$E$61,5,0) | I5: =D5/VLOOKUP(A5,Raw_PrevDay!$A$2:$E$61,4,0) | J5: =IF(AND(F5>0,G5>0),"Long Buildup",IF(AND(F5<0,G5>0),"Short Buildup",IF(AND(F5<0,G5<0),"Long Unwinding",IF(AND(F5>0,G5<0),"Short Covering","Neutral")))) | K5: =IF(F5>0,F5,0) | L5: =IF(F5<0,F5,0) | M5: =IF(J5="Long Buildup",H5,0)
A6: AXISBANK | B6: Banking | C6: 2130.47 | D6: 714527 | E6: 16797922 | F6: =(C6-VLOOKUP(A6,Raw_PrevDay!$A$2:$E$61,3,0))/VLOOKUP(A6,Raw_PrevDay!$A$2:$E$61,3,0) | G6: =E6-VLOOKUP(A6,Raw_PrevDay!$A$2:$E$61,5,0) | H6: =G6/VLOOKUP(A6,Raw_PrevDay!$A$2:$E$61,5,0) | I6: =D6/VLOOKUP(A6,Raw_PrevDay!$A$2:$E$61,4,0) | J6: =IF(AND(F6>0,G6>0),"Long Buildup",IF(AND(F6<0,G6>0),"Short Buildup",IF(AND(F6<0,G6<0),"Long Unwinding",IF(AND(F6>0,G6<0),"Short Covering","Neutral")))) | K6: =IF(F6>0,F6,0) | L6: =IF(F6<0,F6,0) | M6: =IF(J6="Long Buildup",H6,0)
A7: INDUSINDBK | B7: Banking | C7: 2901.07 | D7: 2082101 | E7: 38320838 | F7: =(C7-VLOOKUP(A7,Raw_PrevDay!$A$2:$E$61,3,0))/VLOOKUP(A7,Raw_PrevDay!$A$2:$E$61,3,0) | G7: =E7-VLOOKUP(A7,Raw_PrevDay!$A$2:$E$61,5,0) | H7: =G7/VLOOKUP(A7,Raw_PrevDay!$A$2:$E$61,5,0) | I7: =D7/VLOOKUP(A7,Raw_PrevDay!$A$2:$E$61,4,0) | J7: =IF(AND(F7>0,G7>0),"Long Buildup",IF(AND(F7<0,G7>0),"Short Buildup",IF(AND(F7<0,G7<0),"Long Unwinding",IF(AND(F7>0,G7<0),"Short Covering","Neutral")))) | K7: =IF(F7>0,F7,0) | L7: =IF(F7<0,F7,0) | M7: =IF(J7="Long Buildup",H7,0)
A8: FEDERALBNK | B8: Banking | C8: 845.58 | D8: 6307271 | E8: 41454065 | F8: =(C8-VLOOKUP(A8,Raw_PrevDay!$A$2:$E$61,3,0))/VLOOKUP(A8,Raw_PrevDay!$A$2:$E$61,3,0) | G8: =E8-VLOOKUP(A8,Raw_PrevDay!$A$2:$E$61,5,0) | H8: =G8/VLOOKUP(A8,Raw_PrevDay!$A$2:$E$61,5,0) | I8: =D8/VLOOKUP(A8,Raw_PrevDay!$A$2:$E$61,4,0) | J8: =IF(AND(F8>0,G8>0),"Long Buildup",IF(AND(F8<0,G8>0),"Short Buildup",IF(AND(F8<0,G8<0),"Long Unwinding",IF(AND(F8>0,G8<0),"Short Covering","Neutral")))) | K8: =IF(F8>0,F8,0) | L8: =IF(F8<0,F8,0) | M8: =IF(J8="Long Buildup",H8,0)
A9: BANDHANBNK | B9: Banking | C9: 433.11 | D9: 4702011 | E9: 55641061 | F9: =(C9-VLOOKUP(A9,Raw_PrevDay!$A$2:$E$61,3,0))/VLOOKUP(A9,Raw_PrevDay!$A$2:$E$61,3,0) | G9: =E9-VLOOKUP(A9,Raw_PrevDay!$A$2:$E$61,5,0) | H9: =G9/VLOOKUP(A9,Raw_PrevDay!$A$2:$E$61,5,0) | I9: =D9/VLOOKUP(A9,Raw_PrevDay!$A$2:$E$61,4,0) | J9: =IF(AND(F9>0,G9>0),"Long Buildup",IF(AND(F9<0,G9>0),"Short Buildup",IF(AND(F9<0,G9<0),"Long Unwinding",IF(AND(F9>0,G9<0),"Short Covering","Neutral")))) | K9: =IF(F9>0,F9,0) | L9: =IF(F9<0,F9,0) | M9: =IF(J9="Long Buildup",H9,0)
A10: IDFCFIRSTB | B10: Banking | C10: 339.7 | D10: 17144613 | E10: 37009038 | F10: =(C10-VLOOKUP(A10,Raw_PrevDay!$A$2:$E$61,3,0))/VLOOKUP(A10,Raw_PrevDay!$A$2:$E$61,3,0) | G10: =E10-VLOOKUP(A10,Raw_PrevDay!$A$2:$E$61,5,0) | H10: =G10/VLOOKUP(A10,Raw_PrevDay!$A$2:$E$61,5,0) | I10: =D10/VLOOKUP(A10,Raw_PrevDay!$A$2:$E$61,4,0) | J10: =IF(AND(F10>0,G10>0),"Long Buildup",IF(AND(F10<0,G10>0),"Short Buildup",IF(AND(F10<0,G10<0),"Long Unwinding",IF(AND(F10>0,G10<0),"Short Covering","Neutral")))) | K10: =IF(F10>0,F10,0) | L10: =IF(F10<0,F10,0) | M10: =IF(J10="Long Buildup",H10,0)
A11: TCS | B11: IT | C11: 1680.07 | D11: 4878236 | E11: 47135897 | F11: =(C11-VLOOKUP(A11,Raw_PrevDay!$A$2:$E$61,3,0))/VLOOKUP(A11,Raw_PrevDay!$A$2:$E$61,3,0) | G11: =E11-VLOOKUP(A11,Raw_PrevDay!$A$2:$E$61,5,0) | H11: =G11/VLOOKUP(A11,Raw_PrevDay!$A$2:$E$61,5,0) | I11: =D11/VLOOKUP(A11,Raw_PrevDay!$A$2:$E$61,4,0) | J11: =IF(AND(F11>0,G11>0),"Long Buildup",IF(AND(F11<0,G11>0),"Short Buildup",IF(AND(F11<0,G11<0),"Long Unwinding",IF(AND(F11>0,G11<0),"Short Covering","Neutral")))) | K11: =IF(F11>0,F11,0) | L11: =IF(F11<0,F11,0) | M11: =IF(J11="Long Buildup",H11,0)
A12: INFY | B12: IT | C12: 1387.74 | D12: 5087686 | E12: 17871069 | F12: =(C12-VLOOKUP(A12,Raw_PrevDay!$A$2:$E$61,3,0))/VLOOKUP(A12,Raw_PrevDay!$A$2:$E$61,3,0) | G12: =E12-VLOOKUP(A12,Raw_PrevDay!$A$2:$E$61,5,0) | H12: =G12/VLOOKUP(A12,Raw_PrevDay!$A$2:$E$61,5,0) | I12: =D12/VLOOKUP(A12,Raw_PrevDay!$A$2:$E$61,4,0) | J12: =IF(AND(F12>0,G12>0),"Long Buildup",IF(AND(F12<0,G12>0),"Short Buildup",IF(AND(F12<0,G12<0),"Long Unwinding",IF(AND(F12>0,G12<0),"Short Covering","Neutral")))) | K12: =IF(F12>0,F12,0) | L12: =IF(F12<0,F12,0) | M12: =IF(J12="Long Buildup",H12,0)
A13: WIPRO | B13: IT | C13: 692.5 | D13: 1644839 | E13: 11400515 | F13: =(C13-VLOOKUP(A13,Raw_PrevDay!$A$2:$E$61,3,0))/VLOOKUP(A13,Raw_PrevDay!$A$2:$E$61,3,0) | G13: =E13-VLOOKUP(A13,Raw_PrevDay!$A$2:$E$61,5,0) | H13: =G13/VLOOKUP(A13,Raw_PrevDay!$A$2:$E$61,5,0) | I13: =D13/VLOOKUP(A13,Raw_PrevDay!$A$2:$E$61,4,0) | J13: =IF(AND(F13>0,G13>0),"Long Buildup",IF(AND(F13<0,G13>0),"Short Buildup",IF(AND(F13<0,G13<0),"Long Unwinding",IF(AND(F13>0,G13<0),"Short Covering","Neutral")))) | K13: =IF(F13>0,F13,0) | L13: =IF(F13<0,F13,0) | M13: =IF(J13="Long Buildup",H13,0)
... A61: PHOENIXLTD | B61: Realty | C61: 456.65 | D61: 1455199 | E61: 27553378 | F61: =(C61-VLOOKUP(A61,Raw_PrevDay!$A$2:$E$61,3,0))/VLOOKUP(A61,Raw_PrevDay!$A$2:$E$61,3,0) | G61: =E61-VLOOKUP(A61,Raw_PrevDay!$A$2:$E$61,5,0) | H61: =G61/VLOOKUP(A61,Raw_PrevDay!$A$2:$E$61,5,0) | I61: =D61/VLOOKUP(A61,Raw_PrevDay!$A$2:$E$61,4,0) | J61: =IF(AND(F61>0,G61>0),"Long Buildup",IF(AND(F61<0,G61>0),"Short Buildup",IF(AND(F61<0,G61<0),"Long Unwinding",IF(AND(F61>0,G61<0),"Short Covering","Neutral")))) | K61: =IF(F61>0,F61,0) | L61: =IF(F61<0,F61,0) | M61: =IF(J61="Long Buildup",H61,0)

Sheet Top_Movers
A1: Top 10 Gainers | E1: Top 10 Losers
A2: Rank | B2: Ticker | C2: % Change | E2: Rank | F2: Ticker | G2: % Change
A3: 1 | B3: =INDEX(Raw_Today!$A$2:$A$61,MATCH(LARGE(Raw_Today!$K$2:$K$61,A3),Raw_Today!$K$2:$K$61,0)) | C3: =LARGE(Raw_Today!$K$2:$K$61,A3) | E3: 1 | F3: =INDEX(Raw_Today!$A$2:$A$61,MATCH(SMALL(Raw_Today!$L$2:$L$61,E3),Raw_Today!$L$2:$L$61,0)) | G3: =SMALL(Raw_Today!$L$2:$L$61,E3)
A4: 2 | B4: =INDEX(Raw_Today!$A$2:$A$61,MATCH(LARGE(Raw_Today!$K$2:$K$61,A4),Raw_Today!$K$2:$K$61,0)) | C4: =LARGE(Raw_Today!$K$2:$K$61,A4) | E4: 2 | F4: =INDEX(Raw_Today!$A$2:$A$61,MATCH(SMALL(Raw_Today!$L$2:$L$61,E4),Raw_Today!$L$2:$L$61,0)) | G4: =SMALL(Raw_Today!$L$2:$L$61,E4)
A5: 3 | B5: =INDEX(Raw_Today!$A$2:$A$61,MATCH(LARGE(Raw_Today!$K$2:$K$61,A5),Raw_Today!$K$2:$K$61,0)) | C5: =LARGE(Raw_Today!$K$2:$K$61,A5) | E5: 3 | F5: =INDEX(Raw_Today!$A$2:$A$61,MATCH(SMALL(Raw_Today!$L$2:$L$61,E5),Raw_Today!$L$2:$L$61,0)) | G5: =SMALL(Raw_Today!$L$2:$L$61,E5)
A6: 4 | B6: =INDEX(Raw_Today!$A$2:$A$61,MATCH(LARGE(Raw_Today!$K$2:$K$61,A6),Raw_Today!$K$2:$K$61,0)) | C6: =LARGE(Raw_Today!$K$2:$K$61,A6) | E6: 4 | F6: =INDEX(Raw_Today!$A$2:$A$61,MATCH(SMALL(Raw_Today!$L$2:$L$61,E6),Raw_Today!$L$2:$L$61,0)) | G6: =SMALL(Raw_Today!$L$2:$L$61,E6)
A7: 5 | B7: =INDEX(Raw_Today!$A$2:$A$61,MATCH(LARGE(Raw_Today!$K$2:$K$61,A7),Raw_Today!$K$2:$K$61,0)) | C7: =LARGE(Raw_Today!$K$2:$K$61,A7) | E7: 5 | F7: =INDEX(Raw_Today!$A$2:$A$61,MATCH(SMALL(Raw_Today!$L$2:$L$61,E7),Raw_Today!$L$2:$L$61,0)) | G7: =SMALL(Raw_Today!$L$2:$L$61,E7)
A8: 6 | B8: =INDEX(Raw_Today!$A$2:$A$61,MATCH(LARGE(Raw_Today!$K$2:$K$61,A8),Raw_Today!$K$2:$K$61,0)) | C8: =LARGE(Raw_Today!$K$2:$K$61,A8) | E8: 6 | F8: =INDEX(Raw_Today!$A$2:$A$61,MATCH(SMALL(Raw_Today!$L$2:$L$61,E8),Raw_Today!$L$2:$L$61,0)) | G8: =SMALL(Raw_Today!$L$2:$L$61,E8)
A9: 7 | B9: =INDEX(Raw_Today!$A$2:$A$61,MATCH(LARGE(Raw_Today!$K$2:$K$61,A9),Raw_Today!$K$2:$K$61,0)) | C9: =LARGE(Raw_Today!$K$2:$K$61,A9) | E9: 7 | F9: =INDEX(Raw_Today!$A$2:$A$61,MATCH(SMALL(Raw_Today!$L$2:$L$61,E9),Raw_Today!$L$2:$L$61,0)) | G9: =SMALL(Raw_Today!$L$2:$L$61,E9)
A10: 8 | B10: =INDEX(Raw_Today!$A$2:$A$61,MATCH(LARGE(Raw_Today!$K$2:$K$61,A10),Raw_Today!$K$2:$K$61,0)) | C10: =LARGE(Raw_Today!$K$2:$K$61,A10) | E10: 8 | F10: =INDEX(Raw_Today!$A$2:$A$61,MATCH(SMALL(Raw_Today!$L$2:$L$61,E10),Raw_Today!$L$2:$L$61,0)) | G10: =SMALL(Raw_Today!$L$2:$L$61,E10)
A11: 9 | B11: =INDEX(Raw_Today!$A$2:$A$61,MATCH(LARGE(Raw_Today!$K$2:$K$61,A11),Raw_Today!$K$2:$K$61,0)) | C11: =LARGE(Raw_Today!$K$2:$K$61,A11) | E11: 9 | F11: =INDEX(Raw_Today!$A$2:$A$61,MATCH(SMALL(Raw_Today!$L$2:$L$61,E11),Raw_Today!$L$2:$L$61,0)) | G11: =SMALL(Raw_Today!$L$2:$L$61,E11)
A12: 10 | B12: =INDEX(Raw_Today!$A$2:$A$61,MATCH(LARGE(Raw_Today!$K$2:$K$61,A12),Raw_Today!$K$2:$K$61,0)) | C12: =LARGE(Raw_Today!$K$2:$K$61,A12) | E12: 10 | F12: =INDEX(Raw_Today!$A$2:$A$61,MATCH(SMALL(Raw_Today!$L$2:$L$61,E12),Raw_Today!$L$2:$L$61,0)) | G12: =SMALL(Raw_Today!$L$2:$L$61,E12)

Sheet OI_Signals
A1: Top 10 Long Buildups (OI Chg %) | E1: Top 10 Volume Shockers
A2: Rank | B2: Ticker | C2: OI Chg % | E2: Rank | F2: Ticker | G2: Vol x Avg
A3: 1 | B3: =INDEX(Raw_Today!$A$2:$A$61,MATCH(LARGE(Raw_Today!$M$2:$M$61,A3),Raw_Today!$M$2:$M$61,0)) | C3: =LARGE(Raw_Today!$M$2:$M$61,A3) | E3: 1 | F3: =INDEX(Raw_Today!$A$2:$A$61,MATCH(LARGE(Raw_Today!$I$2:$I$61,E3),Raw_Today!$I$2:$I$61,0)) | G3: =LARGE(Raw_Today!$I$2:$I$61,E3)
A4: 2 | B4: =INDEX(Raw_Today!$A$2:$A$61,MATCH(LARGE(Raw_Today!$M$2:$M$61,A4),Raw_Today!$M$2:$M$61,0)) | C4: =LARGE(Raw_Today!$M$2:$M$61,A4) | E4: 2 | F4: =INDEX(Raw_Today!$A$2:$A$61,MATCH(LARGE(Raw_Today!$I$2:$I$61,E4),Raw_Today!$I$2:$I$61,0)) | G4: =LARGE(Raw_Today!$I$2:$I$61,E4)
A5: 3 | B5: =INDEX(Raw_Today!$A$2:$A$61,MATCH(LARGE(Raw_Today!$M$2:$M$61,A5),Raw_Today!$M$2:$M$61,0)) | C5: =LARGE(Raw_Today!$M$2:$M$61,A5) | E5: 3 | F5: =INDEX(Raw_Today!$A$2:$A$61,MATCH(LARGE(Raw_Today!$I$2:$I$61,E5),Raw_Today!$I$2:$I$61,0)) | G5: =LARGE(Raw_Today!$I$2:$I$61,E5)
A6: 4 | B6: =INDEX(Raw_Today!$A$2:$A$61,MATCH(LARGE(Raw_Today!$M$2:$M$61,A6),Raw_Today!$M$2:$M$61,0)) | C6: =LARGE(Raw_Today!$M$2:$M$61,A6) | E6: 4 | F6: =INDEX(Raw_Today!$A$2:$A$61,MATCH(LARGE(Raw_Today!$I$2:$I$61,E6),Raw_Today!$I$2:$I$61,0)) | G6: =LARGE(Raw_Today!$I$2:$I$61,E6)
A7: 5 | B7: =INDEX(Raw_Today!$A$2:$A$61,MATCH(LARGE(Raw_Today!$M$2:$M$61,A7),Raw_Today!$M$2:$M$61,0)) | C7: =LARGE(Raw_Today!$M$2:$M$61,A7) | E7: 5 | F7: =INDEX(Raw_Today!$A$2:$A$61,MATCH(LARGE(Raw_Today!$I$2:$I$61,E7),Raw_Today!$I$2:$I$61,0)) | G7: =LARGE(Raw_Today!$I$2:$I$61,E7)
A8: 6 | B8: =INDEX(Raw_Today!$A$2:$A$61,MATCH(LARGE(Raw_Today!$M$2:$M$61,A8),Raw_Today!$M$2:$M$61,0)) | C8: =LARGE(Raw_Today!$M$2:$M$61,A8) | E8: 6 | F8: =INDEX(Raw_Today!$A$2:$A$61,MATCH(LARGE(Raw_Today!$I$2:$I$61,E8),Raw_Today!$I$2:$I$61,0)) | G8: =LARGE(Raw_Today!$I$2:$I$61,E8)
A9: 7 | B9: =INDEX(Raw_Today!$A$2:$A$61,MATCH(LARGE(Raw_Today!$M$2:$M$61,A9),Raw_Today!$M$2:$M$61,0)) | C9: =LARGE(Raw_Today!$M$2:$M$61,A9) | E9: 7 | F9: =INDEX(Raw_Today!$A$2:$A$61,MATCH(LARGE(Raw_Today!$I$2:$I$61,E9),Raw_Today!$I$2:$I$61,0)) | G9: =LARGE(Raw_Today!$I$2:$I$61,E9)
A10: 8 | B10: =INDEX(Raw_Today!$A$2:$A$61,MATCH(LARGE(Raw_Today!$M$2:$M$61,A10),Raw_Today!$M$2:$M$61,0)) | C10: =LARGE(Raw_Today!$M$2:$M$61,A10) | E10: 8 | F10: =INDEX(Raw_Today!$A$2:$A$61,MATCH(LARGE(Raw_Today!$I$2:$I$61,E10),Raw_Today!$I$2:$I$61,0)) | G10: =LARGE(Raw_Today!$I$2:$I$61,E10)
A11: 9 | B11: =INDEX(Raw_Today!$A$2:$A$61,MATCH(LARGE(Raw_Today!$M$2:$M$61,A11),Raw_Today!$M$2:$M$61,0)) | C11: =LARGE(Raw_Today!$M$2:$M$61,A11) | E11: 9 | F11: =INDEX(Raw_Today!$A$2:$A$61,MATCH(LARGE(Raw_Today!$I$2:$I$61,E11),Raw_Today!$I$2:$I$61,0)) | G11: =LARGE(Raw_Today!$I$2:$I$61,E11)
A12: 10 | B12: =INDEX(Raw_Today!$A$2:$A$61,MATCH(LARGE(Raw_Today!$M$2:$M$61,A12),Raw_Today!$M$2:$M$61,0)) | C12: =LARGE(Raw_Today!$M$2:$M$61,A12) | E12: 10 | F12: =INDEX(Raw_Today!$A$2:$A$61,MATCH(LARGE(Raw_Today!$I$2:$I$61,E12),Raw_Today!$I$2:$I$61,0)) | G12: =LARGE(Raw_Today!$I$2:$I$61,E12)

Sheet Sector_Heatmap
A1: Sector | B1: Avg % Chg | C1: Advancers | D1: Decliners | E1: Total Volume | F1: Net OI Change | G1: Long Buildups
A2: Auto | B2: =AVERAGEIF(Raw_Today!$B$2:$B$61,A2,Raw_Today!$F$2:$F$61) | C2: =COUNTIFS(Raw_Today!$B$2:$B$61,A2,Raw_Today!$F$2:$F$61,">0") | D2: =COUNTIFS(Raw_Today!$B$2:$B$61,A2,Raw_Today!$F$2:$F$61,"<0") | E2: =SUMIF(Raw_Today!$B$2:$B$61,A2,Raw_Today!$D$2:$D$61) | F2: =SUMIF(Raw_Today!$B$2:$B$61,A2,Raw_Today!$G$2:$G$61) | G2: =COUNTIFS(Raw_Today!$B$2:$B$61,A2,Raw_Today!$J$2:$J$61,"Long Buildup")
A3: Banking | B3: =AVERAGEIF(Raw_Today!$B$2:$B$61,A3,Raw_Today!$F$2:$F$61) | C3: =COUNTIFS(Raw_Today!$B$2:$B$61,A3,Raw_Today!$F$2:$F$61,">0") | D3: =COUNTIFS(Raw_Today!$B$2:$B$61,A3,Raw_Today!$F$2:$F$61,"<0") | E3: =SUMIF(Raw_Today!$B$2:$B$61,A3,Raw_Today!$D$2:$D$61) | F3: =SUMIF(Raw_Today!$B$2:$B$61,A3,Raw_Today!$G$2:$G$61) | G3: =COUNTIFS(Raw_Today!$B$2:$B$61,A3,Raw_Today!$J$2:$J$61,"Long Buildup")
A4: Energy | B4: =AVERAGEIF(Raw_Today!$B$2:$B$61,A4,Raw_Today!$F$2:$F$61) | C4: =COUNTIFS(Raw_Today!$B$2:$B$61,A4,Raw_Today!$F$2:$F$61,">0") | D4: =COUNTIFS(Raw_Today!$B$2:$B$61,A4,Raw_Today!$F$2:$F$61,"<0") | E4: =SUMIF(Raw_Today!$B$2:$B$61,A4,Raw_Today!$D$2:$D$61) | F4: =SUMIF(Raw_Today!$B$2:$B$61,A4,Raw_Today!$G$2:$G$61) | G4: =COUNTIFS(Raw_Today!$B$2:$B$61,A4,Raw_Today!$J$2:$J$61,"Long Buildup")
A5: FMCG | B5: =AVERAGEIF(Raw_Today!$B$2:$B$61,A5,Raw_Today!$F$2:$F$61) | C5: =COUNTIFS(Raw_Today!$B$2:$B$61,A5,Raw_Today!$F$2:$F$61,">0") | D5: =COUNTIFS(Raw_Today!$B$2:$B$61,A5,Raw_Today!$F$2:$F$61,"<0") | E5: =SUMIF(Raw_Today!$B$2:$B$61,A5,Raw_Today!$D$2:$D$61) | F5: =SUMIF(Raw_Today!$B$2:$B$61,A5,Raw_Today!$G$2:$G$61) | G5: =COUNTIFS(Raw_Today!$B$2:$B$61,A5,Raw_Today!$J$2:$J$61,"Long Buildup")
A6: IT | B6: =AVERAGEIF(Raw_Today!$B$2:$B$61,A6,Raw_Today!$F$2:$F$61) | C6: =COUNTIFS(Raw_Today!$B$2:$B$61,A6,Raw_Today!$F$2:$F$61,">0") | D6: =COUNTIFS(Raw_Today!$B$2:$B$61,A6,Raw_Today!$F$2:$F$61,"<0") | E6: =SUMIF(Raw_Today!$B$2:$B$61,A6,Raw_Today!$D$2:$D$61) | F6: =SUMIF(Raw_Today!$B$2:$B$61,A6,Raw_Today!$G$2:$G$61) | G6: =COUNTIFS(Raw_Today!$B$2:$B$61,A6,Raw_Today!$J$2:$J$61,"Long Buildup")
A7: Metals | B7: =AVERAGEIF(Raw_Today!$B$2:$B$61,A7,Raw_Today!$F$2:$F$61) | C7: =COUNTIFS(Raw_Today!$B$2:$B$61,A7,Raw_Today!$F$2:$F$61,">0") | D7: =COUNTIFS(Raw_Today!$B$2:$B$61,A7,Raw_Today!$F$2:$F$61,"<0") | E7: =SUMIF(Raw_Today!$B$2:$B$61,A7,Raw_Today!$D$2:$D$61) | F7: =SUMIF(Raw_Today!$B$2:$B$61,A7,Raw_Today!$G$2:$G$61) | G7: =COUNTIFS(Raw_Today!$B$2:$B$61,A7,Raw_Today!$J$2:$J$61,"Long Buildup")
A8: Pharma | B8: =AVERAGEIF(Raw_Today!$B$2:$B$61,A8,Raw_Today!$F$2:$F$61) | C8: =COUNTIFS(Raw_Today!$B$2:$B$61,A8,Raw_Today!$F$2:$F$61,">0") | D8: =COUNTIFS(Raw_Today!$B$2:$B$61,A8,Raw_Today!$F$2:$F$61,"<0") | E8: =SUMIF(Raw_Today!$B$2:$B$61,A8,Raw_Today!$D$2:$D$61) | F8: =SUMIF(Raw_Today!$B$2:$B$61,A8,Raw_Today!$G$2:$G$61) | G8: =COUNTIFS(Raw_Today!$B$2:$B$61,A8,Raw_Today!$J$2:$J$61,"Long Buildup")
A9: Realty | B9: =AVERAGEIF(Raw_Today!$B$2:$B$61,A9,Raw_Today!$F$2:$F$61) | C9: =COUNTIFS(Raw_Today!$B$2:$B$61,A9,Raw_Today!$F$2:$F$61,">0") | D9: =COUNTIFS(Raw_Today!$B$2:$B$61,A9,Raw_Today!$F$2:$F$61,"<0") | E9: =SUMIF(Raw_Today!$B$2:$B$61,A9,Raw_Today!$D$2:$D$61) | F9: =SUMIF(Raw_Today!$B$2:$B$61,A9,Raw_Today!$G$2:$G$61) | G9: =COUNTIFS(Raw_Today!$B$2:$B$61,A9,Raw_Today!$J$2:$J$61,"Long Buildup")

Sheet Checks
A1: Self-tests — all must read TRUE
A2: Check 1: Ticker universe identical (Today vs PrevDay) | B2: =COUNTA(Raw_Today!$A$2:$A$61)=COUNTA(Raw_PrevDay!$A$2:$A$61)
A3: Check 2: OI walk: SUM(OI Change) = SUM(OI_T) - SUM(OI_T-1) | B3: =SUM(Raw_Today!$G$2:$G$61)=SUM(Raw_Today!$E$2:$E$61)-SUM(Raw_PrevDay!$E$2:$E$61)
A4: Check 3: Breadth adds up: adv + dec + flat = 60 | B4: =COUNTIF(Raw_Today!$F$2:$F$61,">0")+COUNTIF(Raw_Today!$F$2:$F$61,"<0")+COUNTIF(Raw_Today!$F$2:$F$61,0)=60
A5: Check 4: Dashboard top gainer ties to MAX(% Change) | B5: =ABS(Dashboard!$C$4-MAX(Raw_Today!$F$2:$F$61))<0.0000001
A6: Check 5: Dashboard top loser ties to MIN(% Change) | B6: =ABS(Dashboard!$C$6-MIN(Raw_Today!$F$2:$F$61))<0.0000001
A7: Check 6: Dashboard volume shocker ties to MAX(Vol Multiple) | B7: =ABS(Dashboard!$C$10-MAX(Raw_Today!$I$2:$I$61))<0.0000001
A8: Check 7: Sector heatmap total volume ties to raw | B8: =SUM(Sector_Heatmap!$E$2:$E$9)=SUM(Raw_Today!$D$2:$D$61)
A9: Check 8: OI signals exhaustive: 5 categories sum to 60 | B9: =COUNTIF(Raw_Today!$J$2:$J$61,"Long Buildup")+COUNTIF(Raw_Today!$J$2:$J$61,"Short Buildup")+COUNTIF(Raw_Today!$J$2:$J$61,"Long Unwinding")+COUNTIF(Raw_Today!$J$2:$J$61,"Short Covering")+COUNTIF(Raw_Today!$J$2:$J$61,"Neutral")=60
