Workbook

Sheet Guide
A1: RenewableMIS — Monthly MIS: Actual vs Annual Operating Plan (AOP)
A2: Demo workbook built around a renewable-energy MIS automation brief: a monthly
A3: management report comparing generation and revenue actually achieved against
A4: the Annual Operating Plan baseline, by site, state, technology and month.
A6: HOW TO REFRESH (the automation this demo proves)
A7: 1. Drop next month's site generation/revenue export into Raw_Plan / Raw_Actual
A8: (same columns, one row per site-month). Extend the SUMIFS ranges below.
A9: 2. Monthly, State, Technology, Dashboard and Checks all recalculate — no
A10: hard-coded totals anywhere in the summary sheets.
A11: 3. In Power BI, point the model at the same two raw tables; see
A12: powerbi/MEASURES.md for the DAX equivalents of every KPI.
A14: SHEET MAP
... A28: Availability % = 1 - outage hours / (sites x days x 24).

Sheet Dashboard
A1: RenewableMIS — Portfolio Dashboard (Apr-Oct 2026)
A2: All values are live formulas over Raw_Plan / Raw_Actual.
A3: Sites in portfolio | B3: =COUNTA(Sites!$A$2:$A$18)
A4: Total Planned Generation (MWh) | B4: =SUM(Raw_Plan!$F$2:$F$120)
A5: Total Actual Generation (MWh) | B5: =SUM(Raw_Actual!$F$2:$F$120)
A6: Generation Achievement % | B6: =IF($B$4=0,"",$B$5/$B$4)
A7: Planned Revenue (Rs lakh) | B7: =SUM(Raw_Plan!$G$2:$G$120)
A8: Actual Revenue (Rs lakh) | B8: =SUM(Raw_Actual!$G$2:$G$120)
A9: Revenue Achievement % | B9: =IF($B$7=0,"",$B$8/$B$7)
A10: Curtailment (MWh) | B10: =SUM(Raw_Actual!$H$2:$H$120)
A11: Curtailment % of Planned | B11: =IF($B$4=0,"",$B$10/$B$4)
A12: Total Outage Hours | B12: =SUM(Raw_Actual!$I$2:$I$120)
A13: Weighted Availability % | B13: =1-$B$12/(COUNTA(Sites!$A$2:$A$18)*SUM(Monthly!$B$2:$B$8)*24)
A14: Charts below are wired to Technology / Monthly — they move with the raw data.

Sheet Sites
A1: SiteID | B1: Site | C1: State | D1: Technology | E1: CapacityMW | F1: TariffRsPerKWh
A2: S01 | B2: Jodhpur Solar Park | C2: Rajasthan | D2: Solar | E2: 50 | F2: 2.95
A3: S02 | B3: Kutch Solar Park | C3: Gujarat | D3: Solar | E3: 40 | F3: 2.85
A4: S03 | B4: Solapur Solar Park | C4: Maharashtra | D4: Solar | E4: 25 | F4: 3.1
A5: S04 | B5: Pavagada Solar Park | C5: Karnataka | D5: Solar | E5: 30 | F5: 3.05
A6: S05 | B6: Kamuthi Solar Park | C6: Tamil Nadu | D6: Solar | E6: 20 | F6: 3.2
A7: S06 | B7: Mahbubnagar Solar Park | C7: Telangana | D7: Solar | E7: 15 | F7: 3
A8: S07 | B8: Anantapur Solar Park | C8: Andhra Pradesh | D8: Solar | E8: 35 | F8: 2.9
A9: S08 | B9: Rewa Solar Park | C9: Madhya Pradesh | D9: Solar | E9: 45 | F9: 2.8
A10: S09 | B10: Jhansi Solar Park | C10: Uttar Pradesh | D10: Solar | E10: 10 | F10: 3.3
A11: W01 | B11: Kutch Wind Farm | C11: Gujarat | D11: Wind | E11: 30 | F11: 3.6
A12: W02 | B12: Tirunelveli Wind Farm | C12: Tamil Nadu | D12: Wind | E12: 25 | F12: 3.75
A13: W03 | B13: Satara Wind Farm | C13: Maharashtra | D13: Wind | E13: 20 | F13: 3.85
... A18: R02 | B18: Singapore Rooftop Solar | C18: Singapore | D18: Rooftop | E18: 1.5 | F18: 3.5

Sheet Raw_Plan
A1: SiteID | B1: Site | C1: State | D1: Technology | E1: Month | F1: PlannedMWh | G1: PlannedRevenueLakh
A2: S01 | B2: Jodhpur Solar Park | C2: Rajasthan | D2: Solar | E2: 2026-04 | F2: 7560 | G2: 223.02
A3: S01 | B3: Jodhpur Solar Park | C3: Rajasthan | D3: Solar | E3: 2026-05 | F3: 8184 | G3: 241.43
A4: S01 | B4: Jodhpur Solar Park | C4: Rajasthan | D4: Solar | E4: 2026-06 | F4: 6840 | G4: 201.78
A5: S01 | B5: Jodhpur Solar Park | C5: Rajasthan | D5: Solar | E5: 2026-07 | F5: 6696 | G5: 197.53
A6: S01 | B6: Jodhpur Solar Park | C6: Rajasthan | D6: Solar | E6: 2026-08 | F6: 7068 | G6: 208.51
A7: S01 | B7: Jodhpur Solar Park | C7: Rajasthan | D7: Solar | E7: 2026-09 | F7: 7560 | G7: 223.02
A8: S01 | B8: Jodhpur Solar Park | C8: Rajasthan | D8: Solar | E8: 2026-10 | F8: 8184 | G8: 241.43
A9: S02 | B9: Kutch Solar Park | C9: Gujarat | D9: Solar | E9: 2026-04 | F9: 6048 | G9: 172.37
A10: S02 | B10: Kutch Solar Park | C10: Gujarat | D10: Solar | E10: 2026-05 | F10: 6547 | G10: 186.59
A11: S02 | B11: Kutch Solar Park | C11: Gujarat | D11: Solar | E11: 2026-06 | F11: 5472 | G11: 155.95
A12: S02 | B12: Kutch Solar Park | C12: Gujarat | D12: Solar | E12: 2026-07 | F12: 5357 | G12: 152.67
A13: S02 | B13: Kutch Solar Park | C13: Gujarat | D13: Solar | E13: 2026-08 | F13: 5654 | G13: 161.14
... A120: R02 | B120: Singapore Rooftop Solar | C120: Singapore | D120: Rooftop | E120: 2026-10 | F120: 201 | G120: 7.04

Sheet Raw_Actual
A1: SiteID | B1: Site | C1: State | D1: Technology | E1: Month | F1: ActualMWh | G1: ActualRevenueLakh | H1: CurtailmentMWh | I1: OutageHours | J1: VarianceMWh | K1: AchievementPct | L1: CurtailmentPct
A2: S01 | B2: Jodhpur Solar Park | C2: Rajasthan | D2: Solar | E2: 2026-04 | F2: 7197 | G2: 212.31 | H2: 106 | I2: 22 | J2: =$F2-SUMIFS(Raw_Plan!$F$2:$F$120,Raw_Plan!$A$2:$A$120,$A2,Raw_Plan!$E$2:$E$120,$E2) | K2: =IF(SUMIFS(Raw_Plan!$F$2:$F$120,Raw_Plan!$A$2:$A$120,$A2,Raw_Plan!$E$2:$E$120,$E2)=0,"",$F2/SUMIFS(Raw_Plan!$F$2:$F$120,Raw_Plan!$A$2:$A$120,$A2,Raw_Plan!$E$2:$E$120,$E2)) | L2: =IF(SUMIFS(Raw_Plan!$F$2:$F$120,Raw_Plan!$A$2:$A$120,$A2,Raw_Plan!$E$2:$E$120,$E2)=0,"",$H2/SUMIFS(Raw_Plan!$F$2:$F$120,Raw_Plan!$A$2:$A$120,$A2,Raw_Plan!$E$2:$E$120,$E2))
A3: S01 | B3: Jodhpur Solar Park | C3: Rajasthan | D3: Solar | E3: 2026-05 | F3: 7668 | G3: 226.21 | H3: 90 | I3: 29 | J3: =$F3-SUMIFS(Raw_Plan!$F$2:$F$120,Raw_Plan!$A$2:$A$120,$A3,Raw_Plan!$E$2:$E$120,$E3) | K3: =IF(SUMIFS(Raw_Plan!$F$2:$F$120,Raw_Plan!$A$2:$A$120,$A3,Raw_Plan!$E$2:$E$120,$E3)=0,"",$F3/SUMIFS(Raw_Plan!$F$2:$F$120,Raw_Plan!$A$2:$A$120,$A3,Raw_Plan!$E$2:$E$120,$E3)) | L3: =IF(SUMIFS(Raw_Plan!$F$2:$F$120,Raw_Plan!$A$2:$A$120,$A3,Raw_Plan!$E$2:$E$120,$E3)=0,"",$H3/SUMIFS(Raw_Plan!$F$2:$F$120,Raw_Plan!$A$2:$A$120,$A3,Raw_Plan!$E$2:$E$120,$E3))
A4: S01 | B4: Jodhpur Solar Park | C4: Rajasthan | D4: Solar | E4: 2026-06 | F4: 7155 | G4: 211.07 | H4: 171 | I4: 5 | J4: =$F4-SUMIFS(Raw_Plan!$F$2:$F$120,Raw_Plan!$A$2:$A$120,$A4,Raw_Plan!$E$2:$E$120,$E4) | K4: =IF(SUMIFS(Raw_Plan!$F$2:$F$120,Raw_Plan!$A$2:$A$120,$A4,Raw_Plan!$E$2:$E$120,$E4)=0,"",$F4/SUMIFS(Raw_Plan!$F$2:$F$120,Raw_Plan!$A$2:$A$120,$A4,Raw_Plan!$E$2:$E$120,$E4)) | L4: =IF(SUMIFS(Raw_Plan!$F$2:$F$120,Raw_Plan!$A$2:$A$120,$A4,Raw_Plan!$E$2:$E$120,$E4)=0,"",$H4/SUMIFS(Raw_Plan!$F$2:$F$120,Raw_Plan!$A$2:$A$120,$A4,Raw_Plan!$E$2:$E$120,$E4))
A5: S01 | B5: Jodhpur Solar Park | C5: Rajasthan | D5: Solar | E5: 2026-07 | F5: 6723 | G5: 198.33 | H5: 281 | I5: 9 | J5: =$F5-SUMIFS(Raw_Plan!$F$2:$F$120,Raw_Plan!$A$2:$A$120,$A5,Raw_Plan!$E$2:$E$120,$E5) | K5: =IF(SUMIFS(Raw_Plan!$F$2:$F$120,Raw_Plan!$A$2:$A$120,$A5,Raw_Plan!$E$2:$E$120,$E5)=0,"",$F5/SUMIFS(Raw_Plan!$F$2:$F$120,Raw_Plan!$A$2:$A$120,$A5,Raw_Plan!$E$2:$E$120,$E5)) | L5: =IF(SUMIFS(Raw_Plan!$F$2:$F$120,Raw_Plan!$A$2:$A$120,$A5,Raw_Plan!$E$2:$E$120,$E5)=0,"",$H5/SUMIFS(Raw_Plan!$F$2:$F$120,Raw_Plan!$A$2:$A$120,$A5,Raw_Plan!$E$2:$E$120,$E5))
A6: S01 | B6: Jodhpur Solar Park | C6: Rajasthan | D6: Solar | E6: 2026-08 | F6: 6566 | G6: 193.7 | H6: 368 | I6: 14 | J6: =$F6-SUMIFS(Raw_Plan!$F$2:$F$120,Raw_Plan!$A$2:$A$120,$A6,Raw_Plan!$E$2:$E$120,$E6) | K6: =IF(SUMIFS(Raw_Plan!$F$2:$F$120,Raw_Plan!$A$2:$A$120,$A6,Raw_Plan!$E$2:$E$120,$E6)=0,"",$F6/SUMIFS(Raw_Plan!$F$2:$F$120,Raw_Plan!$A$2:$A$120,$A6,Raw_Plan!$E$2:$E$120,$E6)) | L6: =IF(SUMIFS(Raw_Plan!$F$2:$F$120,Raw_Plan!$A$2:$A$120,$A6,Raw_Plan!$E$2:$E$120,$E6)=0,"",$H6/SUMIFS(Raw_Plan!$F$2:$F$120,Raw_Plan!$A$2:$A$120,$A6,Raw_Plan!$E$2:$E$120,$E6))
A7: S01 | B7: Jodhpur Solar Park | C7: Rajasthan | D7: Solar | E7: 2026-09 | F7: 7741 | G7: 228.36 | H7: 60 | I7: 23 | J7: =$F7-SUMIFS(Raw_Plan!$F$2:$F$120,Raw_Plan!$A$2:$A$120,$A7,Raw_Plan!$E$2:$E$120,$E7) | K7: =IF(SUMIFS(Raw_Plan!$F$2:$F$120,Raw_Plan!$A$2:$A$120,$A7,Raw_Plan!$E$2:$E$120,$E7)=0,"",$F7/SUMIFS(Raw_Plan!$F$2:$F$120,Raw_Plan!$A$2:$A$120,$A7,Raw_Plan!$E$2:$E$120,$E7)) | L7: =IF(SUMIFS(Raw_Plan!$F$2:$F$120,Raw_Plan!$A$2:$A$120,$A7,Raw_Plan!$E$2:$E$120,$E7)=0,"",$H7/SUMIFS(Raw_Plan!$F$2:$F$120,Raw_Plan!$A$2:$A$120,$A7,Raw_Plan!$E$2:$E$120,$E7))
A8: S01 | B8: Jodhpur Solar Park | C8: Rajasthan | D8: Solar | E8: 2026-10 | F8: 8454 | G8: 249.39 | H8: 286 | I8: 6 | J8: =$F8-SUMIFS(Raw_Plan!$F$2:$F$120,Raw_Plan!$A$2:$A$120,$A8,Raw_Plan!$E$2:$E$120,$E8) | K8: =IF(SUMIFS(Raw_Plan!$F$2:$F$120,Raw_Plan!$A$2:$A$120,$A8,Raw_Plan!$E$2:$E$120,$E8)=0,"",$F8/SUMIFS(Raw_Plan!$F$2:$F$120,Raw_Plan!$A$2:$A$120,$A8,Raw_Plan!$E$2:$E$120,$E8)) | L8: =IF(SUMIFS(Raw_Plan!$F$2:$F$120,Raw_Plan!$A$2:$A$120,$A8,Raw_Plan!$E$2:$E$120,$E8)=0,"",$H8/SUMIFS(Raw_Plan!$F$2:$F$120,Raw_Plan!$A$2:$A$120,$A8,Raw_Plan!$E$2:$E$120,$E8))
A9: S02 | B9: Kutch Solar Park | C9: Gujarat | D9: Solar | E9: 2026-04 | F9: 6060 | G9: 172.71 | H9: 30 | I9: 40 | J9: =$F9-SUMIFS(Raw_Plan!$F$2:$F$120,Raw_Plan!$A$2:$A$120,$A9,Raw_Plan!$E$2:$E$120,$E9) | K9: =IF(SUMIFS(Raw_Plan!$F$2:$F$120,Raw_Plan!$A$2:$A$120,$A9,Raw_Plan!$E$2:$E$120,$E9)=0,"",$F9/SUMIFS(Raw_Plan!$F$2:$F$120,Raw_Plan!$A$2:$A$120,$A9,Raw_Plan!$E$2:$E$120,$E9)) | L9: =IF(SUMIFS(Raw_Plan!$F$2:$F$120,Raw_Plan!$A$2:$A$120,$A9,Raw_Plan!$E$2:$E$120,$E9)=0,"",$H9/SUMIFS(Raw_Plan!$F$2:$F$120,Raw_Plan!$A$2:$A$120,$A9,Raw_Plan!$E$2:$E$120,$E9))
A10: S02 | B10: Kutch Solar Park | C10: Gujarat | D10: Solar | E10: 2026-05 | F10: 5886 | G10: 167.75 | H10: 170 | I10: 12 | J10: =$F10-SUMIFS(Raw_Plan!$F$2:$F$120,Raw_Plan!$A$2:$A$120,$A10,Raw_Plan!$E$2:$E$120,$E10) | K10: =IF(SUMIFS(Raw_Plan!$F$2:$F$120,Raw_Plan!$A$2:$A$120,$A10,Raw_Plan!$E$2:$E$120,$E10)=0,"",$F10/SUMIFS(Raw_Plan!$F$2:$F$120,Raw_Plan!$A$2:$A$120,$A10,Raw_Plan!$E$2:$E$120,$E10)) | L10: =IF(SUMIFS(Raw_Plan!$F$2:$F$120,Raw_Plan!$A$2:$A$120,$A10,Raw_Plan!$E$2:$E$120,$E10)=0,"",$H10/SUMIFS(Raw_Plan!$F$2:$F$120,Raw_Plan!$A$2:$A$120,$A10,Raw_Plan!$E$2:$E$120,$E10))
A11: S02 | B11: Kutch Solar Park | C11: Gujarat | D11: Solar | E11: 2026-06 | F11: 4826 | G11: 137.54 | H11: 164 | I11: 6 | J11: =$F11-SUMIFS(Raw_Plan!$F$2:$F$120,Raw_Plan!$A$2:$A$120,$A11,Raw_Plan!$E$2:$E$120,$E11) | K11: =IF(SUMIFS(Raw_Plan!$F$2:$F$120,Raw_Plan!$A$2:$A$120,$A11,Raw_Plan!$E$2:$E$120,$E11)=0,"",$F11/SUMIFS(Raw_Plan!$F$2:$F$120,Raw_Plan!$A$2:$A$120,$A11,Raw_Plan!$E$2:$E$120,$E11)) | L11: =IF(SUMIFS(Raw_Plan!$F$2:$F$120,Raw_Plan!$A$2:$A$120,$A11,Raw_Plan!$E$2:$E$120,$E11)=0,"",$H11/SUMIFS(Raw_Plan!$F$2:$F$120,Raw_Plan!$A$2:$A$120,$A11,Raw_Plan!$E$2:$E$120,$E11))
A12: S02 | B12: Kutch Solar Park | C12: Gujarat | D12: Solar | E12: 2026-07 | F12: 4709 | G12: 134.21 | H12: 32 | I12: 31 | J12: =$F12-SUMIFS(Raw_Plan!$F$2:$F$120,Raw_Plan!$A$2:$A$120,$A12,Raw_Plan!$E$2:$E$120,$E12) | K12: =IF(SUMIFS(Raw_Plan!$F$2:$F$120,Raw_Plan!$A$2:$A$120,$A12,Raw_Plan!$E$2:$E$120,$E12)=0,"",$F12/SUMIFS(Raw_Plan!$F$2:$F$120,Raw_Plan!$A$2:$A$120,$A12,Raw_Plan!$E$2:$E$120,$E12)) | L12: =IF(SUMIFS(Raw_Plan!$F$2:$F$120,Raw_Plan!$A$2:$A$120,$A12,Raw_Plan!$E$2:$E$120,$E12)=0,"",$H12/SUMIFS(Raw_Plan!$F$2:$F$120,Raw_Plan!$A$2:$A$120,$A12,Raw_Plan!$E$2:$E$120,$E12))
A13: S02 | B13: Kutch Solar Park | C13: Gujarat | D13: Solar | E13: 2026-08 | F13: 5094 | G13: 145.18 | H13: 322 | I13: 8 | J13: =$F13-SUMIFS(Raw_Plan!$F$2:$F$120,Raw_Plan!$A$2:$A$120,$A13,Raw_Plan!$E$2:$E$120,$E13) | K13: =IF(SUMIFS(Raw_Plan!$F$2:$F$120,Raw_Plan!$A$2:$A$120,$A13,Raw_Plan!$E$2:$E$120,$E13)=0,"",$F13/SUMIFS(Raw_Plan!$F$2:$F$120,Raw_Plan!$A$2:$A$120,$A13,Raw_Plan!$E$2:$E$120,$E13)) | L13: =IF(SUMIFS(Raw_Plan!$F$2:$F$120,Raw_Plan!$A$2:$A$120,$A13,Raw_Plan!$E$2:$E$120,$E13)=0,"",$H13/SUMIFS(Raw_Plan!$F$2:$F$120,Raw_Plan!$A$2:$A$120,$A13,Raw_Plan!$E$2:$E$120,$E13))
... A120: R02 | B120: Singapore Rooftop Solar | C120: Singapore | D120: Rooftop | E120: 2026-10 | F120: 206 | G120: 7.21 | H120: 8 | I120: 21 | J120: =$F120-SUMIFS(Raw_Plan!$F$2:$F$120,Raw_Plan!$A$2:$A$120,$A120,Raw_Plan!$E$2:$E$120,$E120) | K120: =IF(SUMIFS(Raw_Plan!$F$2:$F$120,Raw_Plan!$A$2:$A$120,$A120,Raw_Plan!$E$2:$E$120,$E120)=0,"",$F120/SUMIFS(Raw_Plan!$F$2:$F$120,Raw_Plan!$A$2:$A$120,$A120,Raw_Plan!$E$2:$E$120,$E120)) | L120: =IF(SUMIFS(Raw_Plan!$F$2:$F$120,Raw_Plan!$A$2:$A$120,$A120,Raw_Plan!$E$2:$E$120,$E120)=0,"",$H120/SUMIFS(Raw_Plan!$F$2:$F$120,Raw_Plan!$A$2:$A$120,$A120,Raw_Plan!$E$2:$E$120,$E120))

Sheet Monthly
A1: Month | B1: Days | C1: PlannedMWh | D1: ActualMWh | E1: VarianceMWh | F1: AchievementPct | G1: PlannedRevenueLakh | H1: ActualRevenueLakh | I1: RevenueAchievementPct | J1: CurtailmentMWh | K1: OutageHours | L1: AvailabilityPct
A2: 2026-04 | B2: 30 | C2: =SUMIFS(Raw_Plan!$F$2:$F$120,Raw_Plan!$E$2:$E$120,$A2) | D2: =SUMIFS(Raw_Actual!$F$2:$F$120,Raw_Actual!$E$2:$E$120,$A2) | E2: =$D2-$C2 | F2: =IF($C2=0,"",$D2/$C2) | G2: =SUMIFS(Raw_Plan!$G$2:$G$120,Raw_Plan!$E$2:$E$120,$A2) | H2: =SUMIFS(Raw_Actual!$G$2:$G$120,Raw_Actual!$E$2:$E$120,$A2) | I2: =IF($G2=0,"",$H2/$G2) | J2: =SUMIFS(Raw_Actual!$H$2:$H$120,Raw_Actual!$E$2:$E$120,$A2) | K2: =SUMIFS(Raw_Actual!$I$2:$I$120,Raw_Actual!$E$2:$E$120,$A2) | L2: =1-$K2/(COUNTA(Sites!$A$2:$A$18)*$B2*24)
A3: 2026-05 | B3: 31 | C3: =SUMIFS(Raw_Plan!$F$2:$F$120,Raw_Plan!$E$2:$E$120,$A3) | D3: =SUMIFS(Raw_Actual!$F$2:$F$120,Raw_Actual!$E$2:$E$120,$A3) | E3: =$D3-$C3 | F3: =IF($C3=0,"",$D3/$C3) | G3: =SUMIFS(Raw_Plan!$G$2:$G$120,Raw_Plan!$E$2:$E$120,$A3) | H3: =SUMIFS(Raw_Actual!$G$2:$G$120,Raw_Actual!$E$2:$E$120,$A3) | I3: =IF($G3=0,"",$H3/$G3) | J3: =SUMIFS(Raw_Actual!$H$2:$H$120,Raw_Actual!$E$2:$E$120,$A3) | K3: =SUMIFS(Raw_Actual!$I$2:$I$120,Raw_Actual!$E$2:$E$120,$A3) | L3: =1-$K3/(COUNTA(Sites!$A$2:$A$18)*$B3*24)
A4: 2026-06 | B4: 30 | C4: =SUMIFS(Raw_Plan!$F$2:$F$120,Raw_Plan!$E$2:$E$120,$A4) | D4: =SUMIFS(Raw_Actual!$F$2:$F$120,Raw_Actual!$E$2:$E$120,$A4) | E4: =$D4-$C4 | F4: =IF($C4=0,"",$D4/$C4) | G4: =SUMIFS(Raw_Plan!$G$2:$G$120,Raw_Plan!$E$2:$E$120,$A4) | H4: =SUMIFS(Raw_Actual!$G$2:$G$120,Raw_Actual!$E$2:$E$120,$A4) | I4: =IF($G4=0,"",$H4/$G4) | J4: =SUMIFS(Raw_Actual!$H$2:$H$120,Raw_Actual!$E$2:$E$120,$A4) | K4: =SUMIFS(Raw_Actual!$I$2:$I$120,Raw_Actual!$E$2:$E$120,$A4) | L4: =1-$K4/(COUNTA(Sites!$A$2:$A$18)*$B4*24)
A5: 2026-07 | B5: 31 | C5: =SUMIFS(Raw_Plan!$F$2:$F$120,Raw_Plan!$E$2:$E$120,$A5) | D5: =SUMIFS(Raw_Actual!$F$2:$F$120,Raw_Actual!$E$2:$E$120,$A5) | E5: =$D5-$C5 | F5: =IF($C5=0,"",$D5/$C5) | G5: =SUMIFS(Raw_Plan!$G$2:$G$120,Raw_Plan!$E$2:$E$120,$A5) | H5: =SUMIFS(Raw_Actual!$G$2:$G$120,Raw_Actual!$E$2:$E$120,$A5) | I5: =IF($G5=0,"",$H5/$G5) | J5: =SUMIFS(Raw_Actual!$H$2:$H$120,Raw_Actual!$E$2:$E$120,$A5) | K5: =SUMIFS(Raw_Actual!$I$2:$I$120,Raw_Actual!$E$2:$E$120,$A5) | L5: =1-$K5/(COUNTA(Sites!$A$2:$A$18)*$B5*24)
A6: 2026-08 | B6: 31 | C6: =SUMIFS(Raw_Plan!$F$2:$F$120,Raw_Plan!$E$2:$E$120,$A6) | D6: =SUMIFS(Raw_Actual!$F$2:$F$120,Raw_Actual!$E$2:$E$120,$A6) | E6: =$D6-$C6 | F6: =IF($C6=0,"",$D6/$C6) | G6: =SUMIFS(Raw_Plan!$G$2:$G$120,Raw_Plan!$E$2:$E$120,$A6) | H6: =SUMIFS(Raw_Actual!$G$2:$G$120,Raw_Actual!$E$2:$E$120,$A6) | I6: =IF($G6=0,"",$H6/$G6) | J6: =SUMIFS(Raw_Actual!$H$2:$H$120,Raw_Actual!$E$2:$E$120,$A6) | K6: =SUMIFS(Raw_Actual!$I$2:$I$120,Raw_Actual!$E$2:$E$120,$A6) | L6: =1-$K6/(COUNTA(Sites!$A$2:$A$18)*$B6*24)
A7: 2026-09 | B7: 30 | C7: =SUMIFS(Raw_Plan!$F$2:$F$120,Raw_Plan!$E$2:$E$120,$A7) | D7: =SUMIFS(Raw_Actual!$F$2:$F$120,Raw_Actual!$E$2:$E$120,$A7) | E7: =$D7-$C7 | F7: =IF($C7=0,"",$D7/$C7) | G7: =SUMIFS(Raw_Plan!$G$2:$G$120,Raw_Plan!$E$2:$E$120,$A7) | H7: =SUMIFS(Raw_Actual!$G$2:$G$120,Raw_Actual!$E$2:$E$120,$A7) | I7: =IF($G7=0,"",$H7/$G7) | J7: =SUMIFS(Raw_Actual!$H$2:$H$120,Raw_Actual!$E$2:$E$120,$A7) | K7: =SUMIFS(Raw_Actual!$I$2:$I$120,Raw_Actual!$E$2:$E$120,$A7) | L7: =1-$K7/(COUNTA(Sites!$A$2:$A$18)*$B7*24)
A8: 2026-10 | B8: 31 | C8: =SUMIFS(Raw_Plan!$F$2:$F$120,Raw_Plan!$E$2:$E$120,$A8) | D8: =SUMIFS(Raw_Actual!$F$2:$F$120,Raw_Actual!$E$2:$E$120,$A8) | E8: =$D8-$C8 | F8: =IF($C8=0,"",$D8/$C8) | G8: =SUMIFS(Raw_Plan!$G$2:$G$120,Raw_Plan!$E$2:$E$120,$A8) | H8: =SUMIFS(Raw_Actual!$G$2:$G$120,Raw_Actual!$E$2:$E$120,$A8) | I8: =IF($G8=0,"",$H8/$G8) | J8: =SUMIFS(Raw_Actual!$H$2:$H$120,Raw_Actual!$E$2:$E$120,$A8) | K8: =SUMIFS(Raw_Actual!$I$2:$I$120,Raw_Actual!$E$2:$E$120,$A8) | L8: =1-$K8/(COUNTA(Sites!$A$2:$A$18)*$B8*24)
A9: TOTAL | B9: =SUM($B$2:$B$8) | C9: =SUM($C$2:$C$8) | D9: =SUM($D$2:$D$8) | E9: =SUM($E$2:$E$8) | F9: =IF($C$9=0,"",$D$9/$C$9) | G9: =SUM($G$2:$G$8) | H9: =SUM($H$2:$H$8) | I9: =IF($G$9=0,"",$H$9/$G$9) | J9: =SUM($J$2:$J$8) | K9: =SUM($K$2:$K$8) | L9: =1-$K$9/(COUNTA(Sites!$A$2:$A$18)*$B$9*24)

Sheet State
A1: State | B1: Sites | C1: PlannedMWh | D1: ActualMWh | E1: AchievementPct | F1: PlannedRevenueLakh | G1: ActualRevenueLakh | H1: RevenueAchievementPct | I1: CurtailmentMWh | J1: OutageHours
A2: Rajasthan | B2: =COUNTIF(Sites!$C$2:$C$18,$A2) | C2: =SUMIFS(Raw_Plan!$F$2:$F$120,Raw_Plan!$C$2:$C$120,$A2) | D2: =SUMIFS(Raw_Actual!$F$2:$F$120,Raw_Actual!$C$2:$C$120,$A2) | E2: =IF($C2=0,"",$D2/$C2) | F2: =SUMIFS(Raw_Plan!$G$2:$G$120,Raw_Plan!$C$2:$C$120,$A2) | G2: =SUMIFS(Raw_Actual!$G$2:$G$120,Raw_Actual!$C$2:$C$120,$A2) | H2: =IF($F2=0,"",$G2/$F2) | I2: =SUMIFS(Raw_Actual!$H$2:$H$120,Raw_Actual!$C$2:$C$120,$A2) | J2: =SUMIFS(Raw_Actual!$I$2:$I$120,Raw_Actual!$C$2:$C$120,$A2)
A3: Gujarat | B3: =COUNTIF(Sites!$C$2:$C$18,$A3) | C3: =SUMIFS(Raw_Plan!$F$2:$F$120,Raw_Plan!$C$2:$C$120,$A3) | D3: =SUMIFS(Raw_Actual!$F$2:$F$120,Raw_Actual!$C$2:$C$120,$A3) | E3: =IF($C3=0,"",$D3/$C3) | F3: =SUMIFS(Raw_Plan!$G$2:$G$120,Raw_Plan!$C$2:$C$120,$A3) | G3: =SUMIFS(Raw_Actual!$G$2:$G$120,Raw_Actual!$C$2:$C$120,$A3) | H3: =IF($F3=0,"",$G3/$F3) | I3: =SUMIFS(Raw_Actual!$H$2:$H$120,Raw_Actual!$C$2:$C$120,$A3) | J3: =SUMIFS(Raw_Actual!$I$2:$I$120,Raw_Actual!$C$2:$C$120,$A3)
A4: Maharashtra | B4: =COUNTIF(Sites!$C$2:$C$18,$A4) | C4: =SUMIFS(Raw_Plan!$F$2:$F$120,Raw_Plan!$C$2:$C$120,$A4) | D4: =SUMIFS(Raw_Actual!$F$2:$F$120,Raw_Actual!$C$2:$C$120,$A4) | E4: =IF($C4=0,"",$D4/$C4) | F4: =SUMIFS(Raw_Plan!$G$2:$G$120,Raw_Plan!$C$2:$C$120,$A4) | G4: =SUMIFS(Raw_Actual!$G$2:$G$120,Raw_Actual!$C$2:$C$120,$A4) | H4: =IF($F4=0,"",$G4/$F4) | I4: =SUMIFS(Raw_Actual!$H$2:$H$120,Raw_Actual!$C$2:$C$120,$A4) | J4: =SUMIFS(Raw_Actual!$I$2:$I$120,Raw_Actual!$C$2:$C$120,$A4)
A5: Karnataka | B5: =COUNTIF(Sites!$C$2:$C$18,$A5) | C5: =SUMIFS(Raw_Plan!$F$2:$F$120,Raw_Plan!$C$2:$C$120,$A5) | D5: =SUMIFS(Raw_Actual!$F$2:$F$120,Raw_Actual!$C$2:$C$120,$A5) | E5: =IF($C5=0,"",$D5/$C5) | F5: =SUMIFS(Raw_Plan!$G$2:$G$120,Raw_Plan!$C$2:$C$120,$A5) | G5: =SUMIFS(Raw_Actual!$G$2:$G$120,Raw_Actual!$C$2:$C$120,$A5) | H5: =IF($F5=0,"",$G5/$F5) | I5: =SUMIFS(Raw_Actual!$H$2:$H$120,Raw_Actual!$C$2:$C$120,$A5) | J5: =SUMIFS(Raw_Actual!$I$2:$I$120,Raw_Actual!$C$2:$C$120,$A5)
A6: Tamil Nadu | B6: =COUNTIF(Sites!$C$2:$C$18,$A6) | C6: =SUMIFS(Raw_Plan!$F$2:$F$120,Raw_Plan!$C$2:$C$120,$A6) | D6: =SUMIFS(Raw_Actual!$F$2:$F$120,Raw_Actual!$C$2:$C$120,$A6) | E6: =IF($C6=0,"",$D6/$C6) | F6: =SUMIFS(Raw_Plan!$G$2:$G$120,Raw_Plan!$C$2:$C$120,$A6) | G6: =SUMIFS(Raw_Actual!$G$2:$G$120,Raw_Actual!$C$2:$C$120,$A6) | H6: =IF($F6=0,"",$G6/$F6) | I6: =SUMIFS(Raw_Actual!$H$2:$H$120,Raw_Actual!$C$2:$C$120,$A6) | J6: =SUMIFS(Raw_Actual!$I$2:$I$120,Raw_Actual!$C$2:$C$120,$A6)
A7: Telangana | B7: =COUNTIF(Sites!$C$2:$C$18,$A7) | C7: =SUMIFS(Raw_Plan!$F$2:$F$120,Raw_Plan!$C$2:$C$120,$A7) | D7: =SUMIFS(Raw_Actual!$F$2:$F$120,Raw_Actual!$C$2:$C$120,$A7) | E7: =IF($C7=0,"",$D7/$C7) | F7: =SUMIFS(Raw_Plan!$G$2:$G$120,Raw_Plan!$C$2:$C$120,$A7) | G7: =SUMIFS(Raw_Actual!$G$2:$G$120,Raw_Actual!$C$2:$C$120,$A7) | H7: =IF($F7=0,"",$G7/$F7) | I7: =SUMIFS(Raw_Actual!$H$2:$H$120,Raw_Actual!$C$2:$C$120,$A7) | J7: =SUMIFS(Raw_Actual!$I$2:$I$120,Raw_Actual!$C$2:$C$120,$A7)
A8: Andhra Pradesh | B8: =COUNTIF(Sites!$C$2:$C$18,$A8) | C8: =SUMIFS(Raw_Plan!$F$2:$F$120,Raw_Plan!$C$2:$C$120,$A8) | D8: =SUMIFS(Raw_Actual!$F$2:$F$120,Raw_Actual!$C$2:$C$120,$A8) | E8: =IF($C8=0,"",$D8/$C8) | F8: =SUMIFS(Raw_Plan!$G$2:$G$120,Raw_Plan!$C$2:$C$120,$A8) | G8: =SUMIFS(Raw_Actual!$G$2:$G$120,Raw_Actual!$C$2:$C$120,$A8) | H8: =IF($F8=0,"",$G8/$F8) | I8: =SUMIFS(Raw_Actual!$H$2:$H$120,Raw_Actual!$C$2:$C$120,$A8) | J8: =SUMIFS(Raw_Actual!$I$2:$I$120,Raw_Actual!$C$2:$C$120,$A8)
A9: Madhya Pradesh | B9: =COUNTIF(Sites!$C$2:$C$18,$A9) | C9: =SUMIFS(Raw_Plan!$F$2:$F$120,Raw_Plan!$C$2:$C$120,$A9) | D9: =SUMIFS(Raw_Actual!$F$2:$F$120,Raw_Actual!$C$2:$C$120,$A9) | E9: =IF($C9=0,"",$D9/$C9) | F9: =SUMIFS(Raw_Plan!$G$2:$G$120,Raw_Plan!$C$2:$C$120,$A9) | G9: =SUMIFS(Raw_Actual!$G$2:$G$120,Raw_Actual!$C$2:$C$120,$A9) | H9: =IF($F9=0,"",$G9/$F9) | I9: =SUMIFS(Raw_Actual!$H$2:$H$120,Raw_Actual!$C$2:$C$120,$A9) | J9: =SUMIFS(Raw_Actual!$I$2:$I$120,Raw_Actual!$C$2:$C$120,$A9)
A10: Uttar Pradesh | B10: =COUNTIF(Sites!$C$2:$C$18,$A10) | C10: =SUMIFS(Raw_Plan!$F$2:$F$120,Raw_Plan!$C$2:$C$120,$A10) | D10: =SUMIFS(Raw_Actual!$F$2:$F$120,Raw_Actual!$C$2:$C$120,$A10) | E10: =IF($C10=0,"",$D10/$C10) | F10: =SUMIFS(Raw_Plan!$G$2:$G$120,Raw_Plan!$C$2:$C$120,$A10) | G10: =SUMIFS(Raw_Actual!$G$2:$G$120,Raw_Actual!$C$2:$C$120,$A10) | H10: =IF($F10=0,"",$G10/$F10) | I10: =SUMIFS(Raw_Actual!$H$2:$H$120,Raw_Actual!$C$2:$C$120,$A10) | J10: =SUMIFS(Raw_Actual!$I$2:$I$120,Raw_Actual!$C$2:$C$120,$A10)
A11: UAE | B11: =COUNTIF(Sites!$C$2:$C$18,$A11) | C11: =SUMIFS(Raw_Plan!$F$2:$F$120,Raw_Plan!$C$2:$C$120,$A11) | D11: =SUMIFS(Raw_Actual!$F$2:$F$120,Raw_Actual!$C$2:$C$120,$A11) | E11: =IF($C11=0,"",$D11/$C11) | F11: =SUMIFS(Raw_Plan!$G$2:$G$120,Raw_Plan!$C$2:$C$120,$A11) | G11: =SUMIFS(Raw_Actual!$G$2:$G$120,Raw_Actual!$C$2:$C$120,$A11) | H11: =IF($F11=0,"",$G11/$F11) | I11: =SUMIFS(Raw_Actual!$H$2:$H$120,Raw_Actual!$C$2:$C$120,$A11) | J11: =SUMIFS(Raw_Actual!$I$2:$I$120,Raw_Actual!$C$2:$C$120,$A11)
A12: Singapore | B12: =COUNTIF(Sites!$C$2:$C$18,$A12) | C12: =SUMIFS(Raw_Plan!$F$2:$F$120,Raw_Plan!$C$2:$C$120,$A12) | D12: =SUMIFS(Raw_Actual!$F$2:$F$120,Raw_Actual!$C$2:$C$120,$A12) | E12: =IF($C12=0,"",$D12/$C12) | F12: =SUMIFS(Raw_Plan!$G$2:$G$120,Raw_Plan!$C$2:$C$120,$A12) | G12: =SUMIFS(Raw_Actual!$G$2:$G$120,Raw_Actual!$C$2:$C$120,$A12) | H12: =IF($F12=0,"",$G12/$F12) | I12: =SUMIFS(Raw_Actual!$H$2:$H$120,Raw_Actual!$C$2:$C$120,$A12) | J12: =SUMIFS(Raw_Actual!$I$2:$I$120,Raw_Actual!$C$2:$C$120,$A12)
A13: TOTAL | B13: =SUM($B$2:$B$12) | C13: =SUM($C$2:$C$12) | D13: =SUM($D$2:$D$12) | E13: =IF($C13=0,"",$D13/$C13) | F13: =SUM($F$2:$F$12) | G13: =SUM($G$2:$G$12) | H13: =IF($F13=0,"",$G13/$F13) | I13: =SUM($I$2:$I$12) | J13: =SUM($J$2:$J$12)

Sheet Technology
A1: Technology | B1: Sites | C1: PlannedMWh | D1: ActualMWh | E1: AchievementPct | F1: PlannedRevenueLakh | G1: ActualRevenueLakh | H1: RevenueAchievementPct | I1: CurtailmentMWh | J1: OutageHours
A2: Solar | B2: =COUNTIF(Sites!$D$2:$D$18,$A2) | C2: =SUMIFS(Raw_Plan!$F$2:$F$120,Raw_Plan!$D$2:$D$120,$A2) | D2: =SUMIFS(Raw_Actual!$F$2:$F$120,Raw_Actual!$D$2:$D$120,$A2) | E2: =IF($C2=0,"",$D2/$C2) | F2: =SUMIFS(Raw_Plan!$G$2:$G$120,Raw_Plan!$D$2:$D$120,$A2) | G2: =SUMIFS(Raw_Actual!$G$2:$G$120,Raw_Actual!$D$2:$D$120,$A2) | H2: =IF($F2=0,"",$G2/$F2) | I2: =SUMIFS(Raw_Actual!$H$2:$H$120,Raw_Actual!$D$2:$D$120,$A2) | J2: =SUMIFS(Raw_Actual!$I$2:$I$120,Raw_Actual!$D$2:$D$120,$A2)
A3: Wind | B3: =COUNTIF(Sites!$D$2:$D$18,$A3) | C3: =SUMIFS(Raw_Plan!$F$2:$F$120,Raw_Plan!$D$2:$D$120,$A3) | D3: =SUMIFS(Raw_Actual!$F$2:$F$120,Raw_Actual!$D$2:$D$120,$A3) | E3: =IF($C3=0,"",$D3/$C3) | F3: =SUMIFS(Raw_Plan!$G$2:$G$120,Raw_Plan!$D$2:$D$120,$A3) | G3: =SUMIFS(Raw_Actual!$G$2:$G$120,Raw_Actual!$D$2:$D$120,$A3) | H3: =IF($F3=0,"",$G3/$F3) | I3: =SUMIFS(Raw_Actual!$H$2:$H$120,Raw_Actual!$D$2:$D$120,$A3) | J3: =SUMIFS(Raw_Actual!$I$2:$I$120,Raw_Actual!$D$2:$D$120,$A3)
A4: Hybrid | B4: =COUNTIF(Sites!$D$2:$D$18,$A4) | C4: =SUMIFS(Raw_Plan!$F$2:$F$120,Raw_Plan!$D$2:$D$120,$A4) | D4: =SUMIFS(Raw_Actual!$F$2:$F$120,Raw_Actual!$D$2:$D$120,$A4) | E4: =IF($C4=0,"",$D4/$C4) | F4: =SUMIFS(Raw_Plan!$G$2:$G$120,Raw_Plan!$D$2:$D$120,$A4) | G4: =SUMIFS(Raw_Actual!$G$2:$G$120,Raw_Actual!$D$2:$D$120,$A4) | H4: =IF($F4=0,"",$G4/$F4) | I4: =SUMIFS(Raw_Actual!$H$2:$H$120,Raw_Actual!$D$2:$D$120,$A4) | J4: =SUMIFS(Raw_Actual!$I$2:$I$120,Raw_Actual!$D$2:$D$120,$A4)
A5: Rooftop | B5: =COUNTIF(Sites!$D$2:$D$18,$A5) | C5: =SUMIFS(Raw_Plan!$F$2:$F$120,Raw_Plan!$D$2:$D$120,$A5) | D5: =SUMIFS(Raw_Actual!$F$2:$F$120,Raw_Actual!$D$2:$D$120,$A5) | E5: =IF($C5=0,"",$D5/$C5) | F5: =SUMIFS(Raw_Plan!$G$2:$G$120,Raw_Plan!$D$2:$D$120,$A5) | G5: =SUMIFS(Raw_Actual!$G$2:$G$120,Raw_Actual!$D$2:$D$120,$A5) | H5: =IF($F5=0,"",$G5/$F5) | I5: =SUMIFS(Raw_Actual!$H$2:$H$120,Raw_Actual!$D$2:$D$120,$A5) | J5: =SUMIFS(Raw_Actual!$I$2:$I$120,Raw_Actual!$D$2:$D$120,$A5)
A6: TOTAL | B6: =SUM($B$2:$B$5) | C6: =SUM($C$2:$C$5) | D6: =SUM($D$2:$D$5) | E6: =IF($C$6=0,"",$D$6/$C$6) | F6: =SUM($F$2:$F$5) | G6: =SUM($G$2:$G$5) | H6: =IF($F$6=0,"",$G$6/$F$6) | I6: =SUM($I$2:$I$5) | J6: =SUM($J$2:$J$5)

Sheet Checks
A1: Check | B1: Expected | C1: Got | D1: Diff | E1: Status
A2: Raw_Plan row count (sites x months) | B2: 119 | C2: =COUNTA(Raw_Plan!$A$2:$A$120) | D2: =$C2-$B2 | E2: =IF($D2=0,"PASS","FAIL")
A3: Raw_Actual row count (sites x months) | B3: 119 | C3: =COUNTA(Raw_Actual!$A$2:$A$120) | D3: =$C3-$B3 | E3: =IF($D3=0,"PASS","FAIL")
A4: Monthly planned total ties to Raw_Plan | B4: =SUM(Raw_Plan!$F$2:$F$120) | C4: =SUM(Monthly!$C$2:$C$8) | D4: =$C4-$B4 | E4: =IF($D4=0,"PASS","FAIL")
A5: Monthly actual total ties to Raw_Actual | B5: =SUM(Raw_Actual!$F$2:$F$120) | C5: =SUM(Monthly!$D$2:$D$8) | D5: =$C5-$B5 | E5: =IF($D5=0,"PASS","FAIL")
A6: State planned total ties to Raw_Plan | B6: =SUM(Raw_Plan!$F$2:$F$120) | C6: =SUM(State!$C$2:$C$12) | D6: =$C6-$B6 | E6: =IF($D6=0,"PASS","FAIL")
A7: Technology actual total ties to Raw_Actual | B7: =SUM(Raw_Actual!$F$2:$F$120) | C7: =SUM(Technology!$D$2:$D$5) | D7: =$C7-$B7 | E7: =IF($D7=0,"PASS","FAIL")
A8: Rows with negative actual generation | B8: 0 | C8: =COUNTIF(Raw_Actual!$F$2:$F$120,"<0") | D8: =$C8-$B8 | E8: =IF($D8=0,"PASS","FAIL")
A9: Achievement % outside 0-150% | B9: 0 | C9: =COUNTIF(Raw_Actual!$K$2:$K$120,">1.5")+COUNTIF(Raw_Actual!$K$2:$K$120,"<0") | D9: =$C9-$B9 | E9: =IF($D9=0,"PASS","FAIL")
