Workbook

Sheet Guide
A1: StockPulse — AI-Enabled Stock Portfolio Dashboard (DEMO)
A3: What this is
A4: A working demo of an AI-enabled Excel stock dashboard for a 30-stock Indian portfolio: live-formula holdings ledger, 33 weekly closes, weekly portfolio rollup, sector view, KPI dashboard with 3 native charts, a rule-based weekly AI report, and integrity checks.
A5: Data
A6: All data is FICTIONAL, generated from a fixed seed (data/*.csv). Nothing here is market data. Replace Prices with your real weekly closes and Holdings with your real qty/avg cost to go live.
A7: Refresh
A8: 1) Paste new weekly closes into the next column on Prices. 2) Update the Last-Price column refs (F on Holdings) to the new column. 3) Add a week row on Weekly. Everything else recalculates.
A9: Weekly AI report
A10: AI_Report is written by a rule-based generator (build_workbook.py) at build time from the workbook's own numbers: movers, allocation drift, benchmark comparison, watchlist. In production this step is a scheduled LLM call over the same KPI block.
A11: Integrity
A12: The Checks sheet re-verifies every headline number. If any check is FALSE, do not trust the dashboard.

Sheet Holdings
A1: Ticker | B1: Company | C1: Sector | D1: Qty | E1: Avg Cost | F1: Last Price | G1: Invested | H1: Market Value | I1: P&L | J1: P&L % | K1: Allocation %
A2: HDFCBANK | B2: HDFC Bank Ltd | C2: Banking | D2: 111 | E2: 1632.64 | F2: =INDEX(Prices!$AH$2:$AH$31,MATCH(A2,Prices!$A$2:$A$31,0)) | G2: =D2*E2 | H2: =D2*F2 | I2: =H2-G2 | J2: =IF(G2=0,0,I2/G2) | K2: =IF($H$32=0,0,H2/$H$32)
A3: ICICIBANK | B3: ICICI Bank Ltd | C3: Banking | D3: 26 | E3: 1045.03 | F3: =INDEX(Prices!$AH$2:$AH$31,MATCH(A3,Prices!$A$2:$A$31,0)) | G3: =D3*E3 | H3: =D3*F3 | I3: =H3-G3 | J3: =IF(G3=0,0,I3/G3) | K3: =IF($H$32=0,0,H3/$H$32)
A4: SBIN | B4: State Bank of India | C4: Banking | D4: 43 | E4: 886.8 | F4: =INDEX(Prices!$AH$2:$AH$31,MATCH(A4,Prices!$A$2:$A$31,0)) | G4: =D4*E4 | H4: =D4*F4 | I4: =H4-G4 | J4: =IF(G4=0,0,I4/G4) | K4: =IF($H$32=0,0,H4/$H$32)
A5: KOTAKBANK | B5: Kotak Mahindra Bank | C5: Banking | D5: 189 | E5: 1849.15 | F5: =INDEX(Prices!$AH$2:$AH$31,MATCH(A5,Prices!$A$2:$A$31,0)) | G5: =D5*E5 | H5: =D5*F5 | I5: =H5-G5 | J5: =IF(G5=0,0,I5/G5) | K5: =IF($H$32=0,0,H5/$H$32)
A6: AXISBANK | B6: Axis Bank Ltd | C6: Banking | D6: 101 | E6: 1160.05 | F6: =INDEX(Prices!$AH$2:$AH$31,MATCH(A6,Prices!$A$2:$A$31,0)) | G6: =D6*E6 | H6: =D6*F6 | I6: =H6-G6 | J6: =IF(G6=0,0,I6/G6) | K6: =IF($H$32=0,0,H6/$H$32)
A7: INFY | B7: Infosys Ltd | C7: IT | D7: 189 | E7: 1783.51 | F7: =INDEX(Prices!$AH$2:$AH$31,MATCH(A7,Prices!$A$2:$A$31,0)) | G7: =D7*E7 | H7: =D7*F7 | I7: =H7-G7 | J7: =IF(G7=0,0,I7/G7) | K7: =IF($H$32=0,0,H7/$H$32)
A8: TCS | B8: Tata Consultancy Services | C8: IT | D8: 19 | E8: 3634.09 | F8: =INDEX(Prices!$AH$2:$AH$31,MATCH(A8,Prices!$A$2:$A$31,0)) | G8: =D8*E8 | H8: =D8*F8 | I8: =H8-G8 | J8: =IF(G8=0,0,I8/G8) | K8: =IF($H$32=0,0,H8/$H$32)
A9: HCLTECH | B9: HCL Technologies Ltd | C9: IT | D9: 215 | E9: 1667.11 | F9: =INDEX(Prices!$AH$2:$AH$31,MATCH(A9,Prices!$A$2:$A$31,0)) | G9: =D9*E9 | H9: =D9*F9 | I9: =H9-G9 | J9: =IF(G9=0,0,I9/G9) | K9: =IF($H$32=0,0,H9/$H$32)
A10: TECHM | B10: Tech Mahindra Ltd | C10: IT | D10: 213 | E10: 1486.17 | F10: =INDEX(Prices!$AH$2:$AH$31,MATCH(A10,Prices!$A$2:$A$31,0)) | G10: =D10*E10 | H10: =D10*F10 | I10: =H10-G10 | J10: =IF(G10=0,0,I10/G10) | K10: =IF($H$32=0,0,H10/$H$32)
A11: WIPRO | B11: Wipro Ltd | C11: IT | D11: 50 | E11: 562.25 | F11: =INDEX(Prices!$AH$2:$AH$31,MATCH(A11,Prices!$A$2:$A$31,0)) | G11: =D11*E11 | H11: =D11*F11 | I11: =H11-G11 | J11: =IF(G11=0,0,I11/G11) | K11: =IF($H$32=0,0,H11/$H$32)
A12: RELIANCE | B12: Reliance Industries Ltd | C12: Energy | D12: 66 | E12: 2639.49 | F12: =INDEX(Prices!$AH$2:$AH$31,MATCH(A12,Prices!$A$2:$A$31,0)) | G12: =D12*E12 | H12: =D12*F12 | I12: =H12-G12 | J12: =IF(G12=0,0,I12/G12) | K12: =IF($H$32=0,0,H12/$H$32)
A13: ONGC | B13: Oil & Natural Gas Corp | C13: Energy | D13: 146 | E13: 242.75 | F13: =INDEX(Prices!$AH$2:$AH$31,MATCH(A13,Prices!$A$2:$A$31,0)) | G13: =D13*E13 | H13: =D13*F13 | I13: =H13-G13 | J13: =IF(G13=0,0,I13/G13) | K13: =IF($H$32=0,0,H13/$H$32)
... A31: TITAN | B31: Titan Company Ltd | C31: Consumer Goods | D31: 17 | E31: 3069.45 | F31: =INDEX(Prices!$AH$2:$AH$31,MATCH(A31,Prices!$A$2:$A$31,0)) | G31: =D31*E31 | H31: =D31*F31 | I31: =H31-G31 | J31: =IF(G31=0,0,I31/G31) | K31: =IF($H$32=0,0,H31/$H$32)
A32: TOTAL | G32: =SUM(G2:G31) | H32: =SUM(H2:H31) | I32: =SUM(I2:I31) | J32: =IF(G32=0,0,I32/G32) | K32: =SUM(K2:K31)

Sheet Prices
A1: Ticker | B1: W0 | C1: W1 | D1: W2 | E1: W3 | F1: W4 | G1: W5 | H1: W6 | I1: W7 | J1: W8 | K1: W9 | L1: W10 | M1: W11 | N1: W12 | O1: W13 | P1: W14 | Q1: W15 | R1: W16 | S1: W17 | T1: W18 | U1: W19 | V1: W20 | W1: W21 | X1: W22 | Y1: W23 | Z1: W24 | AA1: W25 | AB1: W26 | AC1: W27 | AD1: W28 | AE1: W29 | AF1: W30 | AG1: W31 | AH1: W32 | AI1: Last Wk Return % | AJ1: 4W Return %
A2: HDFCBANK | B2: 1620 | C2: 1630.62 | D2: 1574.95 | E2: 1554.65 | F2: 1543.06 | G2: 1522.75 | H2: 1555.7 | I2: 1580.63 | J2: 1512.92 | K2: 1492.18 | L2: 1505.89 | M2: 1486.79 | N2: 1498.7 | O2: 1556.31 | P2: 1582.2 | Q2: 1561.7 | R2: 1482.82 | S2: 1444.28 | T2: 1446.86 | U2: 1432.45 | V2: 1417.85 | W2: 1418.64 | X2: 1451.96 | Y2: 1458.91 | Z2: 1473.42 | AA2: 1469.49 | AB2: 1485.35 | AC2: 1537.04 | AD2: 1575.82 | AE2: 1604.08 | AF2: 1615.65 | AG2: 1682.42 | AH2: 1655.09 | AI2: =AH2/AG2-1 | AJ2: =AH2/AD2-1
A3: ICICIBANK | B3: 1180 | C3: 1195.62 | D3: 1196.81 | E3: 1223.06 | F3: 1168.85 | G3: 1168.23 | H3: 1134.82 | I3: 1126.52 | J3: 1145.52 | K3: 1145.98 | L3: 1140.22 | M3: 1158.59 | N3: 1210.77 | O3: 1213.28 | P3: 1217.67 | Q3: 1239.36 | R3: 1243.39 | S3: 1271.49 | T3: 1291.03 | U3: 1299.97 | V3: 1278.52 | W3: 1300.82 | X3: 1318.31 | Y3: 1322.45 | Z3: 1338.92 | AA3: 1292.03 | AB3: 1271 | AC3: 1279.02 | AD3: 1284.26 | AE3: 1288.6 | AF3: 1277.69 | AG3: 1276.05 | AH3: 1295.76 | AI3: =AH3/AG3-1 | AJ3: =AH3/AD3-1
A4: SBIN | B4: 810 | C4: 815.13 | D4: 826.73 | E4: 826.36 | F4: 804.09 | G4: 809.01 | H4: 842.22 | I4: 829.54 | J4: 850.9 | K4: 853.55 | L4: 868.34 | M4: 874.77 | N4: 864.13 | O4: 889.67 | P4: 896.51 | Q4: 879.79 | R4: 871 | S4: 851.38 | T4: 835.56 | U4: 838.11 | V4: 839.04 | W4: 887.58 | X4: 842.77 | Y4: 850.1 | Z4: 838.33 | AA4: 860.27 | AB4: 832.64 | AC4: 866.38 | AD4: 886.3 | AE4: 869.8 | AF4: 874.2 | AG4: 825.69 | AH4: 798.28 | AI4: =AH4/AG4-1 | AJ4: =AH4/AD4-1
A5: KOTAKBANK | B5: 1960 | C5: 1914.64 | D5: 1918.75 | E5: 1931.33 | F5: 2050.52 | G5: 2033.74 | H5: 2079.13 | I5: 2107.59 | J5: 2130.52 | K5: 2049.47 | L5: 2005.48 | M5: 2044.43 | N5: 2118.54 | O5: 1991.64 | P5: 2095.77 | Q5: 2122.5 | R5: 2087.97 | S5: 2082.93 | T5: 2119.44 | U5: 2102.65 | V5: 2111.43 | W5: 2065.94 | X5: 2051.45 | Y5: 2132.7 | Z5: 2161.71 | AA5: 2187.89 | AB5: 2236.45 | AC5: 2273.21 | AD5: 2247.01 | AE5: 2256.37 | AF5: 2303.67 | AG5: 2319.36 | AH5: 2299.92 | AI5: =AH5/AG5-1 | AJ5: =AH5/AD5-1
A6: AXISBANK | B6: 1185 | C6: 1214.67 | D6: 1288.28 | E6: 1266.19 | F6: 1253.41 | G6: 1288.99 | H6: 1320.33 | I6: 1265.48 | J6: 1218.22 | K6: 1198.32 | L6: 1164.02 | M6: 1117.44 | N6: 1087.35 | O6: 1098.99 | P6: 1091.35 | Q6: 1068.1 | R6: 1100.45 | S6: 1112.8 | T6: 1137.29 | U6: 1121.69 | V6: 1105.22 | W6: 1093.25 | X6: 1081.79 | Y6: 1096.27 | Z6: 1118.87 | AA6: 1103.95 | AB6: 1099.56 | AC6: 1082.5 | AD6: 1131.03 | AE6: 1103.32 | AF6: 1056.01 | AG6: 1047.06 | AH6: 1043.49 | AI6: =AH6/AG6-1 | AJ6: =AH6/AD6-1
A7: INFY | B7: 1840 | C7: 1695.77 | D7: 1778.14 | E7: 1756.79 | F7: 1732.62 | G7: 1689.41 | H7: 1647.19 | I7: 1591.39 | J7: 1630.87 | K7: 1591.87 | L7: 1606.39 | M7: 1603.26 | N7: 1633.97 | O7: 1576.56 | P7: 1569.35 | Q7: 1675.53 | R7: 1762.04 | S7: 1699.64 | T7: 1663.03 | U7: 1599.53 | V7: 1691.28 | W7: 1654.63 | X7: 1681.77 | Y7: 1753.19 | Z7: 1722.36 | AA7: 1853.66 | AB7: 1846.85 | AC7: 1950.99 | AD7: 1954.91 | AE7: 1984.25 | AF7: 2095.33 | AG7: 2078.25 | AH7: 1987.77 | AI7: =AH7/AG7-1 | AJ7: =AH7/AD7-1
A8: TCS | B8: 4150 | C8: 3973.28 | D8: 4083.92 | E8: 4481.89 | F8: 4442.6 | G8: 4492.41 | H8: 4484.35 | I8: 4386.97 | J8: 4223.87 | K8: 4367.47 | L8: 4549.25 | M8: 4608.04 | N8: 4703.72 | O8: 4610.62 | P8: 4384.04 | Q8: 4670.76 | R8: 4956.41 | S8: 5162 | T8: 5349.7 | U8: 5419.36 | V8: 5560.01 | W8: 5488.93 | X8: 5521.5 | Y8: 5867.94 | Z8: 5686.74 | AA8: 5686.43 | AB8: 5462.61 | AC8: 5862.14 | AD8: 5720.79 | AE8: 5628.5 | AF8: 5642.72 | AG8: 5703.99 | AH8: 5648.48 | AI8: =AH8/AG8-1 | AJ8: =AH8/AD8-1
A9: HCLTECH | B9: 1780 | C9: 1776.71 | D9: 1821.15 | E9: 1777.31 | F9: 1759.41 | G9: 1801.37 | H9: 1813.48 | I9: 1810.48 | J9: 1800.95 | K9: 1772.94 | L9: 1748.9 | M9: 1749.93 | N9: 1774.75 | O9: 1687.67 | P9: 1695.31 | Q9: 1729.72 | R9: 1709.44 | S9: 1714.48 | T9: 1709.58 | U9: 1681.15 | V9: 1652.48 | W9: 1701.83 | X9: 1755.98 | Y9: 1737.27 | Z9: 1728.37 | AA9: 1744.12 | AB9: 1746.35 | AC9: 1826.85 | AD9: 1838.92 | AE9: 1824.52 | AF9: 1863.1 | AG9: 1875.25 | AH9: 1882.95 | AI9: =AH9/AG9-1 | AJ9: =AH9/AD9-1
A10: TECHM | B10: 1560 | C10: 1543.4 | D10: 1546.93 | E10: 1567.67 | F10: 1561.02 | G10: 1663.47 | H10: 1635.37 | I10: 1681.25 | J10: 1588.9 | K10: 1556.04 | L10: 1589.31 | M10: 1593.09 | N10: 1580 | O10: 1602 | P10: 1659.93 | Q10: 1642.23 | R10: 1597.34 | S10: 1566.55 | T10: 1597.25 | U10: 1563.88 | V10: 1557 | W10: 1559.52 | X10: 1568.94 | Y10: 1564.95 | Z10: 1542.89 | AA10: 1559.65 | AB10: 1596.31 | AC10: 1544.11 | AD10: 1597.48 | AE10: 1581.14 | AF10: 1608.85 | AG10: 1620.91 | AH10: 1659.74 | AI10: =AH10/AG10-1 | AJ10: =AH10/AD10-1
A11: WIPRO | B11: 590 | C11: 567.1 | D11: 579.97 | E11: 575.87 | F11: 564.95 | G11: 565.83 | H11: 560.06 | I11: 541.45 | J11: 544.33 | K11: 564.78 | L11: 565.55 | M11: 565.5 | N11: 568.06 | O11: 575.9 | P11: 565.89 | Q11: 555.75 | R11: 547.28 | S11: 548.63 | T11: 544.38 | U11: 564.09 | V11: 568.92 | W11: 573.4 | X11: 585.78 | Y11: 585.53 | Z11: 594.52 | AA11: 595.47 | AB11: 595.23 | AC11: 618.05 | AD11: 629.4 | AE11: 641.69 | AF11: 650.87 | AG11: 658.11 | AH11: 638.05 | AI11: =AH11/AG11-1 | AJ11: =AH11/AD11-1
A12: RELIANCE | B12: 2980 | C12: 2985.28 | D12: 3038.69 | E12: 3045.85 | F12: 3009.82 | G12: 3029.64 | H12: 2897.24 | I12: 2850.69 | J12: 2812.51 | K12: 2749.57 | L12: 2742.28 | M12: 2721.61 | N12: 2772.89 | O12: 2774.59 | P12: 2757.45 | Q12: 2762.32 | R12: 2714.3 | S12: 2658.62 | T12: 2649.98 | U12: 2607.24 | V12: 2614.42 | W12: 2626.35 | X12: 2656.86 | Y12: 2669.83 | Z12: 2585.93 | AA12: 2642.71 | AB12: 2609.91 | AC12: 2630.87 | AD12: 2648.56 | AE12: 2624.59 | AF12: 2625.36 | AG12: 2647.53 | AH12: 2578.06 | AI12: =AH12/AG12-1 | AJ12: =AH12/AD12-1
A13: ONGC | B13: 285 | C13: 269.48 | D13: 274.54 | E13: 274.62 | F13: 282.03 | G13: 282.42 | H13: 285.78 | I13: 287.19 | J13: 284.86 | K13: 304.19 | L13: 300.15 | M13: 307.25 | N13: 310.97 | O13: 303.54 | P13: 306.68 | Q13: 308.08 | R13: 304.1 | S13: 317.45 | T13: 315.26 | U13: 330.94 | V13: 327.85 | W13: 318.06 | X13: 317.86 | Y13: 320.73 | Z13: 316.73 | AA13: 320.82 | AB13: 323.82 | AC13: 326.98 | AD13: 318.63 | AE13: 319.79 | AF13: 325.52 | AG13: 318.73 | AH13: 326.9 | AI13: =AH13/AG13-1 | AJ13: =AH13/AD13-1
... A31: TITAN | B31: 3480 | C31: 3557.66 | D31: 3616.88 | E31: 3531.97 | F31: 3608.3 | G31: 3681.32 | H31: 3681.39 | I31: 3674.38 | J31: 3760.79 | K31: 3742.87 | L31: 3657.52 | M31: 3631.08 | N31: 3675.09 | O31: 3726.23 | P31: 3742.03 | Q31: 3697.05 | R31: 3634.91 | S31: 3739.99 | T31: 3649.58 | U31: 3576.35 | V31: 3513.93 | W31: 3502 | X31: 3600.68 | Y31: 3632.39 | Z31: 3611.67 | AA31: 3631.73 | AB31: 3671.27 | AC31: 3612.3 | AD31: 3502.25 | AE31: 3445.07 | AF31: 3355.12 | AG31: 3351.83 | AH31: 3358.16 | AI31: =AH31/AG31-1 | AJ31: =AH31/AD31-1

Sheet Weekly
A1: Week | B1: Date | C1: Portfolio Value | D1: Weekly Return | E1: Drawdown | F1: Benchmark
A2: W0 | B2: 2026-03-07 | C2: =SUMPRODUCT(Holdings!$D$2:$D$31,Prices!$B$2:$B$31) | D2: 0 | E2: =C2/MAX($C$2:C2)-1 | F2: 24000
A3: W1 | B3: 2026-03-14 | C3: =SUMPRODUCT(Holdings!$D$2:$D$31,Prices!$C$2:$C$31) | D3: =IF(C2=0,0,C3/C2-1) | E3: =C3/MAX($C$2:C3)-1 | F3: 24006.1
A4: W2 | B4: 2026-03-21 | C4: =SUMPRODUCT(Holdings!$D$2:$D$31,Prices!$D$2:$D$31) | D4: =IF(C3=0,0,C4/C3-1) | E4: =C4/MAX($C$2:C4)-1 | F4: 24053.59
A5: W3 | B5: 2026-03-28 | C5: =SUMPRODUCT(Holdings!$D$2:$D$31,Prices!$E$2:$E$31) | D5: =IF(C4=0,0,C5/C4-1) | E5: =C5/MAX($C$2:C5)-1 | F5: 24542.29
A6: W4 | B6: 2026-04-04 | C6: =SUMPRODUCT(Holdings!$D$2:$D$31,Prices!$F$2:$F$31) | D6: =IF(C5=0,0,C6/C5-1) | E6: =C6/MAX($C$2:C6)-1 | F6: 24180.69
A7: W5 | B7: 2026-04-11 | C7: =SUMPRODUCT(Holdings!$D$2:$D$31,Prices!$G$2:$G$31) | D7: =IF(C6=0,0,C7/C6-1) | E7: =C7/MAX($C$2:C7)-1 | F7: 23946.5
A8: W6 | B8: 2026-04-18 | C8: =SUMPRODUCT(Holdings!$D$2:$D$31,Prices!$H$2:$H$31) | D8: =IF(C7=0,0,C8/C7-1) | E8: =C8/MAX($C$2:C8)-1 | F8: 24451.32
A9: W7 | B9: 2026-04-25 | C9: =SUMPRODUCT(Holdings!$D$2:$D$31,Prices!$I$2:$I$31) | D9: =IF(C8=0,0,C9/C8-1) | E9: =C9/MAX($C$2:C9)-1 | F9: 24434.75
A10: W8 | B10: 2026-05-02 | C10: =SUMPRODUCT(Holdings!$D$2:$D$31,Prices!$J$2:$J$31) | D10: =IF(C9=0,0,C10/C9-1) | E10: =C10/MAX($C$2:C10)-1 | F10: 24489.8
A11: W9 | B11: 2026-05-09 | C11: =SUMPRODUCT(Holdings!$D$2:$D$31,Prices!$K$2:$K$31) | D11: =IF(C10=0,0,C11/C10-1) | E11: =C11/MAX($C$2:C11)-1 | F11: 24270.43
A12: W10 | B12: 2026-05-16 | C12: =SUMPRODUCT(Holdings!$D$2:$D$31,Prices!$L$2:$L$31) | D12: =IF(C11=0,0,C12/C11-1) | E12: =C12/MAX($C$2:C12)-1 | F12: 24205.67
A13: W11 | B13: 2026-05-23 | C13: =SUMPRODUCT(Holdings!$D$2:$D$31,Prices!$M$2:$M$31) | D13: =IF(C12=0,0,C13/C12-1) | E13: =C13/MAX($C$2:C13)-1 | F13: 24435.22
A14: W12 | B14: 2026-05-30 | C14: =SUMPRODUCT(Holdings!$D$2:$D$31,Prices!$N$2:$N$31) | D14: =IF(C13=0,0,C14/C13-1) | E14: =C14/MAX($C$2:C14)-1 | F14: 24936
A15: W13 | B15: 2026-06-06 | C15: =SUMPRODUCT(Holdings!$D$2:$D$31,Prices!$O$2:$O$31) | D15: =IF(C14=0,0,C15/C14-1) | E15: =C15/MAX($C$2:C15)-1 | F15: 25025.4
A16: W14 | B16: 2026-06-13 | C16: =SUMPRODUCT(Holdings!$D$2:$D$31,Prices!$P$2:$P$31) | D16: =IF(C15=0,0,C16/C15-1) | E16: =C16/MAX($C$2:C16)-1 | F16: 24916.82
A17: W15 | B17: 2026-06-20 | C17: =SUMPRODUCT(Holdings!$D$2:$D$31,Prices!$Q$2:$Q$31) | D17: =IF(C16=0,0,C17/C16-1) | E17: =C17/MAX($C$2:C17)-1 | F17: 25172.25
A18: W16 | B18: 2026-06-27 | C18: =SUMPRODUCT(Holdings!$D$2:$D$31,Prices!$R$2:$R$31) | D18: =IF(C17=0,0,C18/C17-1) | E18: =C18/MAX($C$2:C18)-1 | F18: 25314.27
A19: W17 | B19: 2026-07-04 | C19: =SUMPRODUCT(Holdings!$D$2:$D$31,Prices!$S$2:$S$31) | D19: =IF(C18=0,0,C19/C18-1) | E19: =C19/MAX($C$2:C19)-1 | F19: 25141.91
A20: W18 | B20: 2026-07-11 | C20: =SUMPRODUCT(Holdings!$D$2:$D$31,Prices!$T$2:$T$31) | D20: =IF(C19=0,0,C20/C19-1) | E20: =C20/MAX($C$2:C20)-1 | F20: 25118.92
A21: W19 | B21: 2026-07-18 | C21: =SUMPRODUCT(Holdings!$D$2:$D$31,Prices!$U$2:$U$31) | D21: =IF(C20=0,0,C21/C20-1) | E21: =C21/MAX($C$2:C21)-1 | F21: 25497.22
A22: W20 | B22: 2026-07-25 | C22: =SUMPRODUCT(Holdings!$D$2:$D$31,Prices!$V$2:$V$31) | D22: =IF(C21=0,0,C22/C21-1) | E22: =C22/MAX($C$2:C22)-1 | F22: 25510.04
A23: W21 | B23: 2026-08-01 | C23: =SUMPRODUCT(Holdings!$D$2:$D$31,Prices!$W$2:$W$31) | D23: =IF(C22=0,0,C23/C22-1) | E23: =C23/MAX($C$2:C23)-1 | F23: 25611.9
A24: W22 | B24: 2026-08-08 | C24: =SUMPRODUCT(Holdings!$D$2:$D$31,Prices!$X$2:$X$31) | D24: =IF(C23=0,0,C24/C23-1) | E24: =C24/MAX($C$2:C24)-1 | F24: 25635.52
A25: W23 | B25: 2026-08-15 | C25: =SUMPRODUCT(Holdings!$D$2:$D$31,Prices!$Y$2:$Y$31) | D25: =IF(C24=0,0,C25/C24-1) | E25: =C25/MAX($C$2:C25)-1 | F25: 25560.18
A26: W24 | B26: 2026-08-22 | C26: =SUMPRODUCT(Holdings!$D$2:$D$31,Prices!$Z$2:$Z$31) | D26: =IF(C25=0,0,C26/C25-1) | E26: =C26/MAX($C$2:C26)-1 | F26: 25807.33
A27: W25 | B27: 2026-08-29 | C27: =SUMPRODUCT(Holdings!$D$2:$D$31,Prices!$AA$2:$AA$31) | D27: =IF(C26=0,0,C27/C26-1) | E27: =C27/MAX($C$2:C27)-1 | F27: 25986.91
A28: W26 | B28: 2026-09-05 | C28: =SUMPRODUCT(Holdings!$D$2:$D$31,Prices!$AB$2:$AB$31) | D28: =IF(C27=0,0,C28/C27-1) | E28: =C28/MAX($C$2:C28)-1 | F28: 26350.73
A29: W27 | B29: 2026-09-12 | C29: =SUMPRODUCT(Holdings!$D$2:$D$31,Prices!$AC$2:$AC$31) | D29: =IF(C28=0,0,C29/C28-1) | E29: =C29/MAX($C$2:C29)-1 | F29: 25869.43
A30: W28 | B30: 2026-09-19 | C30: =SUMPRODUCT(Holdings!$D$2:$D$31,Prices!$AD$2:$AD$31) | D30: =IF(C29=0,0,C30/C29-1) | E30: =C30/MAX($C$2:C30)-1 | F30: 26513.43
A31: W29 | B31: 2026-09-26 | C31: =SUMPRODUCT(Holdings!$D$2:$D$31,Prices!$AE$2:$AE$31) | D31: =IF(C30=0,0,C31/C30-1) | E31: =C31/MAX($C$2:C31)-1 | F31: 26543.62
A32: W30 | B32: 2026-10-03 | C32: =SUMPRODUCT(Holdings!$D$2:$D$31,Prices!$AF$2:$AF$31) | D32: =IF(C31=0,0,C32/C31-1) | E32: =C32/MAX($C$2:C32)-1 | F32: 26182.43
A33: W31 | B33: 2026-10-10 | C33: =SUMPRODUCT(Holdings!$D$2:$D$31,Prices!$AG$2:$AG$31) | D33: =IF(C32=0,0,C33/C32-1) | E33: =C33/MAX($C$2:C33)-1 | F33: 26098.93
A34: W32 | B34: 2026-10-17 | C34: =SUMPRODUCT(Holdings!$D$2:$D$31,Prices!$AH$2:$AH$31) | D34: =IF(C33=0,0,C34/C33-1) | E34: =C34/MAX($C$2:C34)-1 | F34: 26199.13

Sheet Sector
A1: Sector | B1: Stocks | C1: Invested | D1: Market Value | E1: P&L | F1: P&L % | G1: Allocation %
A2: Auto | B2: =COUNTIF(Holdings!$C$2:$C$31,A2) | C2: =SUMIF(Holdings!$C$2:$C$31,A2,Holdings!$G$2:$G$31) | D2: =SUMIF(Holdings!$C$2:$C$31,A2,Holdings!$H$2:$H$31) | E2: =SUMIF(Holdings!$C$2:$C$31,A2,Holdings!$I$2:$I$31) | F2: =IF(C2=0,0,E2/C2) | G2: =IF($D$11=0,0,D2/$D$11)
A3: Banking | B3: =COUNTIF(Holdings!$C$2:$C$31,A3) | C3: =SUMIF(Holdings!$C$2:$C$31,A3,Holdings!$G$2:$G$31) | D3: =SUMIF(Holdings!$C$2:$C$31,A3,Holdings!$H$2:$H$31) | E3: =SUMIF(Holdings!$C$2:$C$31,A3,Holdings!$I$2:$I$31) | F3: =IF(C3=0,0,E3/C3) | G3: =IF($D$11=0,0,D3/$D$11)
A4: Cement & Infra | B4: =COUNTIF(Holdings!$C$2:$C$31,A4) | C4: =SUMIF(Holdings!$C$2:$C$31,A4,Holdings!$G$2:$G$31) | D4: =SUMIF(Holdings!$C$2:$C$31,A4,Holdings!$H$2:$H$31) | E4: =SUMIF(Holdings!$C$2:$C$31,A4,Holdings!$I$2:$I$31) | F4: =IF(C4=0,0,E4/C4) | G4: =IF($D$11=0,0,D4/$D$11)
A5: Consumer Goods | B5: =COUNTIF(Holdings!$C$2:$C$31,A5) | C5: =SUMIF(Holdings!$C$2:$C$31,A5,Holdings!$G$2:$G$31) | D5: =SUMIF(Holdings!$C$2:$C$31,A5,Holdings!$H$2:$H$31) | E5: =SUMIF(Holdings!$C$2:$C$31,A5,Holdings!$I$2:$I$31) | F5: =IF(C5=0,0,E5/C5) | G5: =IF($D$11=0,0,D5/$D$11)
A6: Energy | B6: =COUNTIF(Holdings!$C$2:$C$31,A6) | C6: =SUMIF(Holdings!$C$2:$C$31,A6,Holdings!$G$2:$G$31) | D6: =SUMIF(Holdings!$C$2:$C$31,A6,Holdings!$H$2:$H$31) | E6: =SUMIF(Holdings!$C$2:$C$31,A6,Holdings!$I$2:$I$31) | F6: =IF(C6=0,0,E6/C6) | G6: =IF($D$11=0,0,D6/$D$11)
A7: FMCG | B7: =COUNTIF(Holdings!$C$2:$C$31,A7) | C7: =SUMIF(Holdings!$C$2:$C$31,A7,Holdings!$G$2:$G$31) | D7: =SUMIF(Holdings!$C$2:$C$31,A7,Holdings!$H$2:$H$31) | E7: =SUMIF(Holdings!$C$2:$C$31,A7,Holdings!$I$2:$I$31) | F7: =IF(C7=0,0,E7/C7) | G7: =IF($D$11=0,0,D7/$D$11)
A8: IT | B8: =COUNTIF(Holdings!$C$2:$C$31,A8) | C8: =SUMIF(Holdings!$C$2:$C$31,A8,Holdings!$G$2:$G$31) | D8: =SUMIF(Holdings!$C$2:$C$31,A8,Holdings!$H$2:$H$31) | E8: =SUMIF(Holdings!$C$2:$C$31,A8,Holdings!$I$2:$I$31) | F8: =IF(C8=0,0,E8/C8) | G8: =IF($D$11=0,0,D8/$D$11)
A9: Metals | B9: =COUNTIF(Holdings!$C$2:$C$31,A9) | C9: =SUMIF(Holdings!$C$2:$C$31,A9,Holdings!$G$2:$G$31) | D9: =SUMIF(Holdings!$C$2:$C$31,A9,Holdings!$H$2:$H$31) | E9: =SUMIF(Holdings!$C$2:$C$31,A9,Holdings!$I$2:$I$31) | F9: =IF(C9=0,0,E9/C9) | G9: =IF($D$11=0,0,D9/$D$11)
A10: Pharma | B10: =COUNTIF(Holdings!$C$2:$C$31,A10) | C10: =SUMIF(Holdings!$C$2:$C$31,A10,Holdings!$G$2:$G$31) | D10: =SUMIF(Holdings!$C$2:$C$31,A10,Holdings!$H$2:$H$31) | E10: =SUMIF(Holdings!$C$2:$C$31,A10,Holdings!$I$2:$I$31) | F10: =IF(C10=0,0,E10/C10) | G10: =IF($D$11=0,0,D10/$D$11)
A11: TOTAL | C11: =SUM(C2:C10) | D11: =SUM(D2:D10) | E11: =SUM(E2:E10) | F11: =IF(C11=0,0,E11/C11) | G11: =SUM(G2:G10)

Sheet Dashboard
A1: Portfolio Dashboard
A3: Total Invested | B3: =SUM(Holdings!G2:G31)
A4: Market Value | B4: =SUM(Holdings!H2:H31)
A5: Total P&L | B5: =B4-B3
A6: P&L % | B6: =IF(B3=0,0,B5/B3)
A7: Latest Weekly Return | B7: =INDEX(Weekly!D2:D34,33)
A8: Best Performer | B8: =INDEX(Holdings!A2:A31,MATCH(MAX(Holdings!J2:J31),Holdings!J2:J31,0))
A9: Best P&L % | B9: =MAX(Holdings!J2:J31)
A10: Worst Performer | B10: =INDEX(Holdings!A2:A31,MATCH(MIN(Holdings!J2:J31),Holdings!J2:J31,0))
A11: Worst P&L % | B11: =MIN(Holdings!J2:J31)
A12: Largest Holding | B12: =INDEX(Holdings!A2:A31,MATCH(MAX(Holdings!H2:H31),Holdings!H2:H31,0))
A13: Largest Allocation | B13: =MAX(Holdings!K2:K31)
A14: Active Stocks | B14: =COUNTA(Holdings!A2:A31)
A15: Positive Weeks | B15: =COUNTIF(Weekly!D3:D34,">0")

Sheet AI_Report
A1: Weekly AI Report — W32 (2026-10-17)
A2: Generated by StockPulse's rule-based weekly-report engine from this workbook's own numbers (demo of the AI weekly-reporting step; production = scheduled LLM call over the same KPI block).
A4: Portfolio this week
A5: Portfolio gained 0.2% this week to ₹4,915,739. Since inception the book is up 11.9% (₹521,073 on ₹4,394,666 invested). The fictional benchmark moved +0.4% over the same week, so the portfolio underperformed by 0.2%. 19 of the last 32 weeks were positive; maximum drawdown to date is -3.2%.
A6: Movers
A7: Top contributors: HEROMOTOCO (+99.1%), TCS (+55.4%), ONGC (+34.7%). Biggest drags: LT (-30.9%), SUNPHARMA (-17.7%), HINDUNILVR (-16.1%). Winners are doing the heavy lifting — consider trimming into strength.
A8: Allocation & concentration
A9: Largest position is MARUTI at 10.6% of the book; largest sector is IT at 25.9%. Concentration looks reasonable; no single name dominates.
A10: Watchlist (rules)
A11: Review LT: down 31% from cost — thesis check • Review SUNPHARMA: down 18% from cost — thesis check • Review HINDUNILVR: down 16% from cost — thesis check • Consider booking partial profit in HEROMOTOCO (+99%) • Consider booking partial profit in TCS (+55%) • Consider booking partial profit in ONGC (+35%)
A13: Key figures (live formulas — always in sync with the dashboard)
A14: Market Value | B14: =Dashboard!B4
A15: Total P&L | B15: =Dashboard!B5
A16: P&L % | B16: =Dashboard!B6
A17: Latest Weekly Return | B17: =Dashboard!B7

Sheet Checks
A1: # | B1: Check | C1: Formula | D1: Expected | E1: Status
A2: 1 | B2: Allocations sum to 100% | C2: '=ABS(SUM(Holdings!K2:K31)-1)<0.0001 | D2: TRUE | E2: =IF(ABS(SUM(Holdings!K2:K31)-1)<0.0001,"PASS","FAIL")
A3: 2 | B3: Dashboard MV = sum of Holdings MV | C3: '=ABS(Dashboard!B4-SUM(Holdings!H2:H31))<0.01 | D3: TRUE | E3: =IF(ABS(Dashboard!B4-SUM(Holdings!H2:H31))<0.01,"PASS","FAIL")
A4: 3 | B4: P&L = MV − Invested | C4: '=ABS(Dashboard!B5-(Dashboard!B4-Dashboard!B3))<0.01 | D4: TRUE | E4: =IF(ABS(Dashboard!B5-(Dashboard!B4-Dashboard!B3))<0.01,"PASS","FAIL")
A5: 4 | B5: All 30 last prices resolve (>0) | C5: '=COUNTIF(Holdings!F2:F31,">0")=30 | D5: TRUE | E5: =IF(COUNTIF(Holdings!F2:F31,">0")=30,"PASS","FAIL")
A6: 5 | B6: Weekly rollup ties to Holdings MV | C6: '=ABS(INDEX(Weekly!C2:C34,33)-Dashboard!B4)<0.01 | D6: TRUE | E6: =IF(ABS(INDEX(Weekly!C2:C34,33)-Dashboard!B4)<0.01,"PASS","FAIL")
A7: 6 | B7: Sector MV sums to portfolio MV | C7: '=ABS(SUM(Sector!D2:D10)-Dashboard!B4)<0.01 | D7: TRUE | E7: =IF(ABS(SUM(Sector!D2:D10)-Dashboard!B4)<0.01,"PASS","FAIL")
A8: 7 | B8: No negative quantities | C8: '=COUNTIF(Holdings!D2:D31,"<0")=0 | D8: TRUE | E8: =IF(COUNTIF(Holdings!D2:D31,"<0")=0,"PASS","FAIL")
A9: 8 | B9: Weekly return formula consistent | C9: '=ABS((INDEX(Weekly!C2:C34,33)/INDEX(Weekly!C2:C34,32)-1)-INDEX(Weekly!D2:D34,33))<0.000001 | D9: TRUE | E9: =IF(ABS((INDEX(Weekly!C2:C34,33)/INDEX(Weekly!C2:C34,32)-1)-INDEX(Weekly!D2:D34,33))<0.000001,"PASS","FAIL")
