Workbook

Sheet Guide
A1: RefreshForge — automated report-refresh pipeline (demo)
A3: Fictional demo data: 'Sharma Foods Processing, Patna' (food plant).
A4: Four departmental exports land in drop/; refresh.py validates, dedupes
A5: and appends only new rows to history/, then this workbook is rebuilt.
A7: RUN THE PIPELINE
A8: 1. python3 generate.py — (re)create the synthetic drop/ files
A9: 2. python3 refresh.py — validate + dedupe + append + audit log
A10: 3. python3 build_workbook.py — rebuild this workbook
A11: Re-running refresh.py on unchanged files appends ZERO rows (idempotent);
A12: dropping new daily exports in and re-running appends exactly the delta.
A14: POWER AUTOMATE MAPPING (what the client asked for)
A15: Recurrence trigger (every 30 min) → List files in SharePoint folder →
... A25: Checks!B must all read TRUE after any recalculation.

Sheet Refresh_Log
A1: run_id | B1: timestamp | C1: source | D1: rows_seen | E1: rows_new | F1: duplicates | G1: quarantined | H1: status
A2: R0001 | B2: 2026-10-24T02:37:41 | C2: sales | D2: 211 | E2: 211 | F2: 0 | G2: 0 | H2: OK
A3: R0001 | B3: 2026-10-24T02:37:41 | C3: production | D3: 95 | E3: 95 | F3: 0 | G3: 0 | H3: OK
A4: R0001 | B4: 2026-10-24T02:37:41 | C4: inventory | D4: 101 | E4: 101 | F4: 0 | G4: 0 | H4: OK
A5: R0001 | B5: 2026-10-24T02:37:41 | C5: issues | D5: 27 | E5: 27 | F5: 0 | G5: 0 | H5: OK
A6: R0002 | B6: 2026-10-24T02:38:16 | C6: sales | D6: 211 | E6: 0 | F6: 211 | G6: 0 | H6: OK
A7: R0002 | B7: 2026-10-24T02:38:16 | C7: production | D7: 95 | E7: 0 | F7: 95 | G7: 0 | H7: OK
A8: R0002 | B8: 2026-10-24T02:38:16 | C8: inventory | D8: 101 | E8: 0 | F8: 101 | G8: 0 | H8: OK
A9: R0002 | B9: 2026-10-24T02:38:16 | C9: issues | D9: 27 | E9: 0 | F9: 27 | G9: 0 | H9: OK
A10: R0003 | B10: 2026-10-24T02:38:24 | C10: sales | D10: 211 | E10: 0 | F10: 211 | G10: 0 | H10: OK
A11: R0003 | B11: 2026-10-24T02:38:24 | C11: production | D11: 95 | E11: 0 | F11: 95 | G11: 0 | H11: OK
A12: R0003 | B12: 2026-10-24T02:38:24 | C12: inventory | D12: 101 | E12: 0 | F12: 101 | G12: 0 | H12: OK
A13: R0003 | B13: 2026-10-24T02:38:24 | C13: issues | D13: 27 | E13: 0 | F13: 27 | G13: 0 | H13: OK

Sheet Raw_Sales
A1: date | B1: order_id | C1: customer | D1: sku | E1: qty | F1: unit_price | G1: revenue
A2: 46296 | B2: S0001 | C2: Mithila Foods | D2: NOODLE-280G | E2: 9 | F2: 56 | G2: =E2*F2
A3: 46296 | B3: S0002 | C3: Patna Agro Mart | D3: BISC-400G | E3: 6 | F3: 38 | G3: =E3*F3
A4: 46296 | B4: S0003 | C4: Verma Distributors | D4: MAIDA-1KG | E4: 60 | F4: 48 | G4: =E4*F4
A5: 46296 | B5: S0004 | C5: Nalanda Foods | D5: NOODLE-280G | E5: 46 | F5: 56 | G5: =E5*F5
A6: 46296 | B6: S0005 | C6: Nalanda Foods | D6: RICE-25KG | E6: 26 | F6: 1150 | G6: =E6*F6
A7: 46296 | B7: S0006 | C7: Magadh Distributors | D7: BISC-400G | E7: 37 | F7: 38 | G7: =E7*F7
A8: 46296 | B8: S0007 | C8: Nalanda Foods | D8: SALT-1KG | E8: 30 | F8: 28 | G8: =E8*F8
A9: 46296 | B9: S0008 | C9: Singh & Sons | D9: DAL-1KG | E9: 53 | F9: 148 | G9: =E9*F9
A10: 46297 | B10: S0009 | C10: Gupta Traders | D10: BESAN-1KG | E10: 17 | F10: 92 | G10: =E10*F10
A11: 46297 | B11: S0010 | C11: Nalanda Foods | D11: SUJI-1KG | E11: 36 | F11: 54 | G11: =E11*F11
A12: 46297 | B12: S0011 | C12: Verma Distributors | D12: RICE-25KG | E12: 39 | F12: 1150 | G12: =E12*F12
A13: 46297 | B13: S0012 | C13: Singh & Sons | D13: BISC-400G | E13: 36 | F13: 38 | G13: =E13*F13
... A212: 46318 | B212: S0211 | C212: Singh & Sons | D212: ATTA-5KG | E212: 15 | F212: 235 | G212: =E212*F212
G213: =E213*F213
G214: =E214*F214
G215: =E215*F215
G216: =E216*F216
G217: =E217*F217
G218: =E218*F218
G219: =E219*F219
G220: =E220*F220
G221: =E221*F221
G222: =E222*F222
G223: =E223*F223
G224: =E224*F224
... G2000: =E2000*F2000

Sheet Raw_Production
A1: date | B1: batch_id | C1: line | D1: sku | E1: qty_produced | F1: qty_rejected | G1: yield
A2: 46296 | B2: B0001 | C2: Line-A | D2: BESAN-1KG | E2: 698 | F2: 10 | G2: =IF((E2+F2)=0,1,E2/(E2+F2))
A3: 46296 | B3: B0002 | C3: Line-A | D3: SUGAR-1KG | E3: 577 | F3: 12 | G3: =IF((E3+F3)=0,1,E3/(E3+F3))
A4: 46296 | B4: B0003 | C4: Line-B | D4: RICE-25KG | E4: 244 | F4: 15 | G4: =IF((E4+F4)=0,1,E4/(E4+F4))
A5: 46296 | B5: B0004 | C5: Line-B | D5: ATTA-5KG | E5: 344 | F5: 11 | G5: =IF((E5+F5)=0,1,E5/(E5+F5))
A6: 46297 | B6: B0005 | C6: Line-A | D6: BESAN-1KG | E6: 278 | F6: 11 | G6: =IF((E6+F6)=0,1,E6/(E6+F6))
A7: 46297 | B7: B0006 | C7: Line-B | D7: DAL-1KG | E7: 374 | F7: 3 | G7: =IF((E7+F7)=0,1,E7/(E7+F7))
A8: 46297 | B8: B0007 | C8: Line-B | D8: SUJI-1KG | E8: 735 | F8: 7 | G8: =IF((E8+F8)=0,1,E8/(E8+F8))
A9: 46297 | B9: B0008 | C9: Line-B | D9: TEA-250G | E9: 470 | F9: 15 | G9: =IF((E9+F9)=0,1,E9/(E9+F9))
A10: 46298 | B10: B0009 | C10: Line-A | D10: BISC-400G | E10: 486 | F10: 12 | G10: =IF((E10+F10)=0,1,E10/(E10+F10))
A11: 46298 | B11: B0010 | C11: Line-A | D11: BISC-400G | E11: 489 | F11: 5 | G11: =IF((E11+F11)=0,1,E11/(E11+F11))
A12: 46298 | B12: B0011 | C12: Line-B | D12: NOODLE-280G | E12: 449 | F12: 18 | G12: =IF((E12+F12)=0,1,E12/(E12+F12))
A13: 46299 | B13: B0012 | C13: Line-A | D13: SUJI-1KG | E13: 612 | F13: 16 | G13: =IF((E13+F13)=0,1,E13/(E13+F13))
... A96: 46318 | B96: B0095 | C96: Line-B | D96: DAL-1KG | E96: 703 | F96: 2 | G96: =IF((E96+F96)=0,1,E96/(E96+F96))
G97: =IF((E97+F97)=0,1,E97/(E97+F97))
G98: =IF((E98+F98)=0,1,E98/(E98+F98))
G99: =IF((E99+F99)=0,1,E99/(E99+F99))
G100: =IF((E100+F100)=0,1,E100/(E100+F100))
G101: =IF((E101+F101)=0,1,E101/(E101+F101))
G102: =IF((E102+F102)=0,1,E102/(E102+F102))
G103: =IF((E103+F103)=0,1,E103/(E103+F103))
G104: =IF((E104+F104)=0,1,E104/(E104+F104))
G105: =IF((E105+F105)=0,1,E105/(E105+F105))
G106: =IF((E106+F106)=0,1,E106/(E106+F106))
G107: =IF((E107+F107)=0,1,E107/(E107+F107))
G108: =IF((E108+F108)=0,1,E108/(E108+F108))
... G2000: =IF((E2000+F2000)=0,1,E2000/(E2000+F2000))

Sheet Raw_Inventory
A1: date | B1: txn_id | C1: sku | D1: movement | E1: qty | F1: signed_qty
A2: 46296 | B2: T0001 | C2: DAL-1KG | D2: OUT | E2: 94 | F2: =IF(D2="IN",E2,IF(D2="OUT",-E2,0))
A3: 46296 | B3: T0002 | C3: SALT-1KG | D3: IN | E3: 396 | F3: =IF(D3="IN",E3,IF(D3="OUT",-E3,0))
A4: 46296 | B4: T0003 | C4: TEA-250G | D4: IN | E4: 334 | F4: =IF(D4="IN",E4,IF(D4="OUT",-E4,0))
A5: 46296 | B5: T0004 | C5: SUGAR-1KG | D5: OUT | E5: 284 | F5: =IF(D5="IN",E5,IF(D5="OUT",-E5,0))
A6: 46297 | B6: T0005 | C6: BISC-400G | D6: IN | E6: 203 | F6: =IF(D6="IN",E6,IF(D6="OUT",-E6,0))
A7: 46297 | B7: T0006 | C7: DAL-1KG | D7: IN | E7: 77 | F7: =IF(D7="IN",E7,IF(D7="OUT",-E7,0))
A8: 46297 | B8: T0007 | C8: MAIDA-1KG | D8: OUT | E8: 124 | F8: =IF(D8="IN",E8,IF(D8="OUT",-E8,0))
A9: 46298 | B9: T0008 | C9: NOODLE-280G | D9: IN | E9: 146 | F9: =IF(D9="IN",E9,IF(D9="OUT",-E9,0))
A10: 46298 | B10: T0009 | C10: SUJI-1KG | D10: OUT | E10: 51 | F10: =IF(D10="IN",E10,IF(D10="OUT",-E10,0))
A11: 46298 | B11: T0010 | C11: NOODLE-280G | D11: IN | E11: 311 | F11: =IF(D11="IN",E11,IF(D11="OUT",-E11,0))
A12: 46299 | B12: T0011 | C12: SALT-1KG | D12: IN | E12: 343 | F12: =IF(D12="IN",E12,IF(D12="OUT",-E12,0))
A13: 46299 | B13: T0012 | C13: BESAN-1KG | D13: OUT | E13: 286 | F13: =IF(D13="IN",E13,IF(D13="OUT",-E13,0))
... A102: 46318 | B102: T0101 | C102: ATTA-5KG | D102: OUT | E102: 352 | F102: =IF(D102="IN",E102,IF(D102="OUT",-E102,0))
F103: =IF(D103="IN",E103,IF(D103="OUT",-E103,0))
F104: =IF(D104="IN",E104,IF(D104="OUT",-E104,0))
F105: =IF(D105="IN",E105,IF(D105="OUT",-E105,0))
F106: =IF(D106="IN",E106,IF(D106="OUT",-E106,0))
F107: =IF(D107="IN",E107,IF(D107="OUT",-E107,0))
F108: =IF(D108="IN",E108,IF(D108="OUT",-E108,0))
F109: =IF(D109="IN",E109,IF(D109="OUT",-E109,0))
F110: =IF(D110="IN",E110,IF(D110="OUT",-E110,0))
F111: =IF(D111="IN",E111,IF(D111="OUT",-E111,0))
F112: =IF(D112="IN",E112,IF(D112="OUT",-E112,0))
F113: =IF(D113="IN",E113,IF(D113="OUT",-E113,0))
F114: =IF(D114="IN",E114,IF(D114="OUT",-E114,0))
... F2000: =IF(D2000="IN",E2000,IF(D2000="OUT",-E2000,0))

Sheet Raw_Issues
A1: date | B1: issue_id | C1: category | D1: severity | E1: status | F1: description
A2: 46297 | B2: Q0001 | C2: Safety | D2: P3 | E2: Closed | F2: Safety issue on 2026-10-02 (P3)
A3: 46297 | B3: Q0002 | C3: Material | D3: P2 | E3: Open | F3: Material issue on 2026-10-02 (P2)
A4: 46298 | B4: Q0003 | C4: Quality | D4: P2 | E4: Closed | F4: Quality issue on 2026-10-03 (P2)
A5: 46299 | B5: Q0004 | C5: Safety | D5: P2 | E5: Open | F5: Safety issue on 2026-10-04 (P2)
A6: 46299 | B6: Q0005 | C6: Safety | D6: P2 | E6: Open | F6: Safety issue on 2026-10-04 (P2)
A7: 46300 | B7: Q0006 | C7: Machine | D7: P2 | E7: Closed | F7: Machine issue on 2026-10-05 (P2)
A8: 46300 | B8: Q0007 | C8: Material | D8: P2 | E8: Open | F8: Material issue on 2026-10-05 (P2)
A9: 46301 | B9: Q0008 | C9: Machine | D9: P2 | E9: Closed | F9: Machine issue on 2026-10-06 (P2)
A10: 46301 | B10: Q0009 | C10: Material | D10: P3 | E10: Closed | F10: Material issue on 2026-10-06 (P3)
A11: 46302 | B11: Q0010 | C11: Material | D11: P3 | E11: Closed | F11: Material issue on 2026-10-07 (P3)
A12: 46302 | B12: Q0011 | C12: Safety | D12: P2 | E12: Open | F12: Safety issue on 2026-10-07 (P2)
A13: 46303 | B13: Q0012 | C13: Quality | D13: P3 | E13: Closed | F13: Quality issue on 2026-10-08 (P3)
... A28: 46317 | B28: Q0027 | C28: Safety | D28: P2 | E28: Closed | F28: Safety issue on 2026-10-22 (P2)

Sheet Daily
A1: date | B1: sales_revenue | C1: production_qty | D1: yield | E1: inventory_net | F1: issues | G1: open_issues
A2: 46296 | B2: =SUMIFS(Raw_Sales!$G$2:$G$2000,Raw_Sales!$A$2:$A$2000,$A2) | C2: =SUMIFS(Raw_Production!$E$2:$E$2000,Raw_Production!$A$2:$A$2000,$A2) | D2: =IF((SUMIFS(Raw_Production!$E$2:$E$2000,Raw_Production!$A$2:$A$2000,$A2)+SUMIFS(Raw_Production!$F$2:$F$2000,Raw_Production!$A$2:$A$2000,$A2))=0,1,SUMIFS(Raw_Production!$E$2:$E$2000,Raw_Production!$A$2:$A$2000,$A2)/(SUMIFS(Raw_Production!$E$2:$E$2000,Raw_Production!$A$2:$A$2000,$A2)+SUMIFS(Raw_Production!$F$2:$F$2000,Raw_Production!$A$2:$A$2000,$A2))) | E2: =SUMIFS(Raw_Inventory!$F$2:$F$2000,Raw_Inventory!$A$2:$A$2000,$A2) | F2: =COUNTIFS(Raw_Issues!$A$2:$A$2000,$A2) | G2: =COUNTIFS(Raw_Issues!$A$2:$A$2000,$A2,Raw_Issues!$E$2:$E$2000,"Open")
A3: 46297 | B3: =SUMIFS(Raw_Sales!$G$2:$G$2000,Raw_Sales!$A$2:$A$2000,$A3) | C3: =SUMIFS(Raw_Production!$E$2:$E$2000,Raw_Production!$A$2:$A$2000,$A3) | D3: =IF((SUMIFS(Raw_Production!$E$2:$E$2000,Raw_Production!$A$2:$A$2000,$A3)+SUMIFS(Raw_Production!$F$2:$F$2000,Raw_Production!$A$2:$A$2000,$A3))=0,1,SUMIFS(Raw_Production!$E$2:$E$2000,Raw_Production!$A$2:$A$2000,$A3)/(SUMIFS(Raw_Production!$E$2:$E$2000,Raw_Production!$A$2:$A$2000,$A3)+SUMIFS(Raw_Production!$F$2:$F$2000,Raw_Production!$A$2:$A$2000,$A3))) | E3: =SUMIFS(Raw_Inventory!$F$2:$F$2000,Raw_Inventory!$A$2:$A$2000,$A3) | F3: =COUNTIFS(Raw_Issues!$A$2:$A$2000,$A3) | G3: =COUNTIFS(Raw_Issues!$A$2:$A$2000,$A3,Raw_Issues!$E$2:$E$2000,"Open")
A4: 46298 | B4: =SUMIFS(Raw_Sales!$G$2:$G$2000,Raw_Sales!$A$2:$A$2000,$A4) | C4: =SUMIFS(Raw_Production!$E$2:$E$2000,Raw_Production!$A$2:$A$2000,$A4) | D4: =IF((SUMIFS(Raw_Production!$E$2:$E$2000,Raw_Production!$A$2:$A$2000,$A4)+SUMIFS(Raw_Production!$F$2:$F$2000,Raw_Production!$A$2:$A$2000,$A4))=0,1,SUMIFS(Raw_Production!$E$2:$E$2000,Raw_Production!$A$2:$A$2000,$A4)/(SUMIFS(Raw_Production!$E$2:$E$2000,Raw_Production!$A$2:$A$2000,$A4)+SUMIFS(Raw_Production!$F$2:$F$2000,Raw_Production!$A$2:$A$2000,$A4))) | E4: =SUMIFS(Raw_Inventory!$F$2:$F$2000,Raw_Inventory!$A$2:$A$2000,$A4) | F4: =COUNTIFS(Raw_Issues!$A$2:$A$2000,$A4) | G4: =COUNTIFS(Raw_Issues!$A$2:$A$2000,$A4,Raw_Issues!$E$2:$E$2000,"Open")
A5: 46299 | B5: =SUMIFS(Raw_Sales!$G$2:$G$2000,Raw_Sales!$A$2:$A$2000,$A5) | C5: =SUMIFS(Raw_Production!$E$2:$E$2000,Raw_Production!$A$2:$A$2000,$A5) | D5: =IF((SUMIFS(Raw_Production!$E$2:$E$2000,Raw_Production!$A$2:$A$2000,$A5)+SUMIFS(Raw_Production!$F$2:$F$2000,Raw_Production!$A$2:$A$2000,$A5))=0,1,SUMIFS(Raw_Production!$E$2:$E$2000,Raw_Production!$A$2:$A$2000,$A5)/(SUMIFS(Raw_Production!$E$2:$E$2000,Raw_Production!$A$2:$A$2000,$A5)+SUMIFS(Raw_Production!$F$2:$F$2000,Raw_Production!$A$2:$A$2000,$A5))) | E5: =SUMIFS(Raw_Inventory!$F$2:$F$2000,Raw_Inventory!$A$2:$A$2000,$A5) | F5: =COUNTIFS(Raw_Issues!$A$2:$A$2000,$A5) | G5: =COUNTIFS(Raw_Issues!$A$2:$A$2000,$A5,Raw_Issues!$E$2:$E$2000,"Open")
A6: 46300 | B6: =SUMIFS(Raw_Sales!$G$2:$G$2000,Raw_Sales!$A$2:$A$2000,$A6) | C6: =SUMIFS(Raw_Production!$E$2:$E$2000,Raw_Production!$A$2:$A$2000,$A6) | D6: =IF((SUMIFS(Raw_Production!$E$2:$E$2000,Raw_Production!$A$2:$A$2000,$A6)+SUMIFS(Raw_Production!$F$2:$F$2000,Raw_Production!$A$2:$A$2000,$A6))=0,1,SUMIFS(Raw_Production!$E$2:$E$2000,Raw_Production!$A$2:$A$2000,$A6)/(SUMIFS(Raw_Production!$E$2:$E$2000,Raw_Production!$A$2:$A$2000,$A6)+SUMIFS(Raw_Production!$F$2:$F$2000,Raw_Production!$A$2:$A$2000,$A6))) | E6: =SUMIFS(Raw_Inventory!$F$2:$F$2000,Raw_Inventory!$A$2:$A$2000,$A6) | F6: =COUNTIFS(Raw_Issues!$A$2:$A$2000,$A6) | G6: =COUNTIFS(Raw_Issues!$A$2:$A$2000,$A6,Raw_Issues!$E$2:$E$2000,"Open")
A7: 46301 | B7: =SUMIFS(Raw_Sales!$G$2:$G$2000,Raw_Sales!$A$2:$A$2000,$A7) | C7: =SUMIFS(Raw_Production!$E$2:$E$2000,Raw_Production!$A$2:$A$2000,$A7) | D7: =IF((SUMIFS(Raw_Production!$E$2:$E$2000,Raw_Production!$A$2:$A$2000,$A7)+SUMIFS(Raw_Production!$F$2:$F$2000,Raw_Production!$A$2:$A$2000,$A7))=0,1,SUMIFS(Raw_Production!$E$2:$E$2000,Raw_Production!$A$2:$A$2000,$A7)/(SUMIFS(Raw_Production!$E$2:$E$2000,Raw_Production!$A$2:$A$2000,$A7)+SUMIFS(Raw_Production!$F$2:$F$2000,Raw_Production!$A$2:$A$2000,$A7))) | E7: =SUMIFS(Raw_Inventory!$F$2:$F$2000,Raw_Inventory!$A$2:$A$2000,$A7) | F7: =COUNTIFS(Raw_Issues!$A$2:$A$2000,$A7) | G7: =COUNTIFS(Raw_Issues!$A$2:$A$2000,$A7,Raw_Issues!$E$2:$E$2000,"Open")
A8: 46302 | B8: =SUMIFS(Raw_Sales!$G$2:$G$2000,Raw_Sales!$A$2:$A$2000,$A8) | C8: =SUMIFS(Raw_Production!$E$2:$E$2000,Raw_Production!$A$2:$A$2000,$A8) | D8: =IF((SUMIFS(Raw_Production!$E$2:$E$2000,Raw_Production!$A$2:$A$2000,$A8)+SUMIFS(Raw_Production!$F$2:$F$2000,Raw_Production!$A$2:$A$2000,$A8))=0,1,SUMIFS(Raw_Production!$E$2:$E$2000,Raw_Production!$A$2:$A$2000,$A8)/(SUMIFS(Raw_Production!$E$2:$E$2000,Raw_Production!$A$2:$A$2000,$A8)+SUMIFS(Raw_Production!$F$2:$F$2000,Raw_Production!$A$2:$A$2000,$A8))) | E8: =SUMIFS(Raw_Inventory!$F$2:$F$2000,Raw_Inventory!$A$2:$A$2000,$A8) | F8: =COUNTIFS(Raw_Issues!$A$2:$A$2000,$A8) | G8: =COUNTIFS(Raw_Issues!$A$2:$A$2000,$A8,Raw_Issues!$E$2:$E$2000,"Open")
A9: 46303 | B9: =SUMIFS(Raw_Sales!$G$2:$G$2000,Raw_Sales!$A$2:$A$2000,$A9) | C9: =SUMIFS(Raw_Production!$E$2:$E$2000,Raw_Production!$A$2:$A$2000,$A9) | D9: =IF((SUMIFS(Raw_Production!$E$2:$E$2000,Raw_Production!$A$2:$A$2000,$A9)+SUMIFS(Raw_Production!$F$2:$F$2000,Raw_Production!$A$2:$A$2000,$A9))=0,1,SUMIFS(Raw_Production!$E$2:$E$2000,Raw_Production!$A$2:$A$2000,$A9)/(SUMIFS(Raw_Production!$E$2:$E$2000,Raw_Production!$A$2:$A$2000,$A9)+SUMIFS(Raw_Production!$F$2:$F$2000,Raw_Production!$A$2:$A$2000,$A9))) | E9: =SUMIFS(Raw_Inventory!$F$2:$F$2000,Raw_Inventory!$A$2:$A$2000,$A9) | F9: =COUNTIFS(Raw_Issues!$A$2:$A$2000,$A9) | G9: =COUNTIFS(Raw_Issues!$A$2:$A$2000,$A9,Raw_Issues!$E$2:$E$2000,"Open")
A10: 46304 | B10: =SUMIFS(Raw_Sales!$G$2:$G$2000,Raw_Sales!$A$2:$A$2000,$A10) | C10: =SUMIFS(Raw_Production!$E$2:$E$2000,Raw_Production!$A$2:$A$2000,$A10) | D10: =IF((SUMIFS(Raw_Production!$E$2:$E$2000,Raw_Production!$A$2:$A$2000,$A10)+SUMIFS(Raw_Production!$F$2:$F$2000,Raw_Production!$A$2:$A$2000,$A10))=0,1,SUMIFS(Raw_Production!$E$2:$E$2000,Raw_Production!$A$2:$A$2000,$A10)/(SUMIFS(Raw_Production!$E$2:$E$2000,Raw_Production!$A$2:$A$2000,$A10)+SUMIFS(Raw_Production!$F$2:$F$2000,Raw_Production!$A$2:$A$2000,$A10))) | E10: =SUMIFS(Raw_Inventory!$F$2:$F$2000,Raw_Inventory!$A$2:$A$2000,$A10) | F10: =COUNTIFS(Raw_Issues!$A$2:$A$2000,$A10) | G10: =COUNTIFS(Raw_Issues!$A$2:$A$2000,$A10,Raw_Issues!$E$2:$E$2000,"Open")
A11: 46305 | B11: =SUMIFS(Raw_Sales!$G$2:$G$2000,Raw_Sales!$A$2:$A$2000,$A11) | C11: =SUMIFS(Raw_Production!$E$2:$E$2000,Raw_Production!$A$2:$A$2000,$A11) | D11: =IF((SUMIFS(Raw_Production!$E$2:$E$2000,Raw_Production!$A$2:$A$2000,$A11)+SUMIFS(Raw_Production!$F$2:$F$2000,Raw_Production!$A$2:$A$2000,$A11))=0,1,SUMIFS(Raw_Production!$E$2:$E$2000,Raw_Production!$A$2:$A$2000,$A11)/(SUMIFS(Raw_Production!$E$2:$E$2000,Raw_Production!$A$2:$A$2000,$A11)+SUMIFS(Raw_Production!$F$2:$F$2000,Raw_Production!$A$2:$A$2000,$A11))) | E11: =SUMIFS(Raw_Inventory!$F$2:$F$2000,Raw_Inventory!$A$2:$A$2000,$A11) | F11: =COUNTIFS(Raw_Issues!$A$2:$A$2000,$A11) | G11: =COUNTIFS(Raw_Issues!$A$2:$A$2000,$A11,Raw_Issues!$E$2:$E$2000,"Open")
A12: 46306 | B12: =SUMIFS(Raw_Sales!$G$2:$G$2000,Raw_Sales!$A$2:$A$2000,$A12) | C12: =SUMIFS(Raw_Production!$E$2:$E$2000,Raw_Production!$A$2:$A$2000,$A12) | D12: =IF((SUMIFS(Raw_Production!$E$2:$E$2000,Raw_Production!$A$2:$A$2000,$A12)+SUMIFS(Raw_Production!$F$2:$F$2000,Raw_Production!$A$2:$A$2000,$A12))=0,1,SUMIFS(Raw_Production!$E$2:$E$2000,Raw_Production!$A$2:$A$2000,$A12)/(SUMIFS(Raw_Production!$E$2:$E$2000,Raw_Production!$A$2:$A$2000,$A12)+SUMIFS(Raw_Production!$F$2:$F$2000,Raw_Production!$A$2:$A$2000,$A12))) | E12: =SUMIFS(Raw_Inventory!$F$2:$F$2000,Raw_Inventory!$A$2:$A$2000,$A12) | F12: =COUNTIFS(Raw_Issues!$A$2:$A$2000,$A12) | G12: =COUNTIFS(Raw_Issues!$A$2:$A$2000,$A12,Raw_Issues!$E$2:$E$2000,"Open")
A13: 46307 | B13: =SUMIFS(Raw_Sales!$G$2:$G$2000,Raw_Sales!$A$2:$A$2000,$A13) | C13: =SUMIFS(Raw_Production!$E$2:$E$2000,Raw_Production!$A$2:$A$2000,$A13) | D13: =IF((SUMIFS(Raw_Production!$E$2:$E$2000,Raw_Production!$A$2:$A$2000,$A13)+SUMIFS(Raw_Production!$F$2:$F$2000,Raw_Production!$A$2:$A$2000,$A13))=0,1,SUMIFS(Raw_Production!$E$2:$E$2000,Raw_Production!$A$2:$A$2000,$A13)/(SUMIFS(Raw_Production!$E$2:$E$2000,Raw_Production!$A$2:$A$2000,$A13)+SUMIFS(Raw_Production!$F$2:$F$2000,Raw_Production!$A$2:$A$2000,$A13))) | E13: =SUMIFS(Raw_Inventory!$F$2:$F$2000,Raw_Inventory!$A$2:$A$2000,$A13) | F13: =COUNTIFS(Raw_Issues!$A$2:$A$2000,$A13) | G13: =COUNTIFS(Raw_Issues!$A$2:$A$2000,$A13,Raw_Issues!$E$2:$E$2000,"Open")
... A32: 46326 | B32: =SUMIFS(Raw_Sales!$G$2:$G$2000,Raw_Sales!$A$2:$A$2000,$A32) | C32: =SUMIFS(Raw_Production!$E$2:$E$2000,Raw_Production!$A$2:$A$2000,$A32) | D32: =IF((SUMIFS(Raw_Production!$E$2:$E$2000,Raw_Production!$A$2:$A$2000,$A32)+SUMIFS(Raw_Production!$F$2:$F$2000,Raw_Production!$A$2:$A$2000,$A32))=0,1,SUMIFS(Raw_Production!$E$2:$E$2000,Raw_Production!$A$2:$A$2000,$A32)/(SUMIFS(Raw_Production!$E$2:$E$2000,Raw_Production!$A$2:$A$2000,$A32)+SUMIFS(Raw_Production!$F$2:$F$2000,Raw_Production!$A$2:$A$2000,$A32))) | E32: =SUMIFS(Raw_Inventory!$F$2:$F$2000,Raw_Inventory!$A$2:$A$2000,$A32) | F32: =COUNTIFS(Raw_Issues!$A$2:$A$2000,$A32) | G32: =COUNTIFS(Raw_Issues!$A$2:$A$2000,$A32,Raw_Issues!$E$2:$E$2000,"Open")

Sheet Dashboard
A1: Dashboard — KPIs (all formula-linked)
A3: MTD sales revenue | B3: =SUM(Raw_Sales!$G$2:$G$2000)
A4: MTD production qty | B4: =SUM(Raw_Production!$E$2:$E$2000)
A5: Average yield | B5: =IF((SUM(Raw_Production!$E$2:$E$2000)+SUM(Raw_Production!$F$2:$F$2000))=0,1,SUM(Raw_Production!$E$2:$E$2000)/(SUM(Raw_Production!$E$2:$E$2000)+SUM(Raw_Production!$F$2:$F$2000)))
A6: Open issues | B6: =COUNTIF(Raw_Issues!$E$2:$E$2000,"Open")
A7: Inventory on hand (units) | B7: =B20+SUM(Raw_Inventory!$F$2:$F$2000)
A8: Rows in history | B8: =COUNTA(Raw_Sales!$B$2:$B$2000)+COUNTA(Raw_Production!$B$2:$B$2000)+COUNTA(Raw_Inventory!$B$2:$B$2000)+COUNTA(Raw_Issues!$B$2:$B$2000)
A9: Last refresh run | B9: =INDEX(Refresh_Log!$B$2:$B$13,COUNTA(Refresh_Log!$A$2:$A$13))
A10: Last refresh status | B10: =INDEX(Refresh_Log!$H$2:$H$13,COUNTA(Refresh_Log!$A$2:$A$13))
A11: Rows added in last refresh | B11: =SUMIFS(Refresh_Log!$E$2:$E$13,Refresh_Log!$A$2:$A$13,INDEX(Refresh_Log!$A$2:$A$13,COUNTA(Refresh_Log!$A$2:$A$13)))
A13: Issues by category
A14: Category | B14: Count | C14: Open
A15: Quality | B15: =COUNTIFS(Raw_Issues!$C$2:$C$2000,$A15) | C15: =COUNTIFS(Raw_Issues!$C$2:$C$2000,$A15,Raw_Issues!$E$2:$E$2000,"Open")
A16: Machine | B16: =COUNTIFS(Raw_Issues!$C$2:$C$2000,$A16) | C16: =COUNTIFS(Raw_Issues!$C$2:$C$2000,$A16,Raw_Issues!$E$2:$E$2000,"Open")
A17: Material | B17: =COUNTIFS(Raw_Issues!$C$2:$C$2000,$A17) | C17: =COUNTIFS(Raw_Issues!$C$2:$C$2000,$A17,Raw_Issues!$E$2:$E$2000,"Open")
A18: Safety | B18: =COUNTIFS(Raw_Issues!$C$2:$C$2000,$A18) | C18: =COUNTIFS(Raw_Issues!$C$2:$C$2000,$A18,Raw_Issues!$E$2:$E$2000,"Open")
A20: Opening stock (units, static input) | B20: 12730
A22: Production by line
A23: Line | B23: Qty produced | C23: Batches
A24: Line-A | B24: =SUMIFS(Raw_Production!$E$2:$E$2000,Raw_Production!$C$2:$C$2000,$A24) | C24: =COUNTIFS(Raw_Production!$C$2:$C$2000,$A24)
A25: Line-B | B25: =SUMIFS(Raw_Production!$E$2:$E$2000,Raw_Production!$C$2:$C$2000,$A25) | C25: =COUNTIFS(Raw_Production!$C$2:$C$2000,$A25)

Sheet Checks
A1: Checks — all must be TRUE after recalculation
A2: Check | B2: Result
A3: No duplicate sales keys in history | B3: =SUMPRODUCT((Raw_Sales!$B$2:$B$212<>"")*(COUNTIFS(Raw_Sales!$B$2:$B$212,Raw_Sales!$B$2:$B$212)>1))=0
A4: No duplicate production keys in history | B4: =SUMPRODUCT((Raw_Production!$B$2:$B$96<>"")*(COUNTIFS(Raw_Production!$B$2:$B$96,Raw_Production!$B$2:$B$96)>1))=0
A5: No duplicate inventory keys in history | B5: =SUMPRODUCT((Raw_Inventory!$B$2:$B$102<>"")*(COUNTIFS(Raw_Inventory!$B$2:$B$102,Raw_Inventory!$B$2:$B$102)>1))=0
A6: No duplicate issue keys in history | B6: =SUMPRODUCT((Raw_Issues!$B$2:$B$28<>"")*(COUNTIFS(Raw_Issues!$B$2:$B$28,Raw_Issues!$B$2:$B$28)>1))=0
A7: Revenue column = qty x unit_price (all rows) | B7: =SUMPRODUCT(ABS(Raw_Sales!$G$2:$G$212-Raw_Sales!$E$2:$E$212*Raw_Sales!$F$2:$F$212))<0.01
A8: Yield column consistent (all rows) | B8: =SUMPRODUCT(ABS(Raw_Production!$G$2:$G$96-IF((Raw_Production!$E$2:$E$96+Raw_Production!$F$2:$F$96)=0,1,Raw_Production!$E$2:$E$96/(Raw_Production!$E$2:$E$96+Raw_Production!$F$2:$F$96))))<0.001
A9: Signed-qty column consistent (all rows) | B9: =SUMPRODUCT(ABS(Raw_Inventory!$F$2:$F$102-IF(Raw_Inventory!$D$2:$D$102="IN",Raw_Inventory!$E$2:$E$102,IF(Raw_Inventory!$D$2:$D$102="OUT",-Raw_Inventory!$E$2:$E$102,0))))<0.01
A10: Daily sales ties to raw history | B10: =ABS(SUM(Daily!$B$2:$B$32)-SUM(Raw_Sales!$G$2:$G$212))<0.01
A11: Daily production + issues tie to raw history | B11: =AND(ABS(SUM(Daily!$C$2:$C$32)-SUM(Raw_Production!$E$2:$E$96))<0.01,SUM(Daily!$F$2:$F$32)=COUNTA(Raw_Issues!$B$2:$B$28))
A12: Inventory KPI = opening + signed movements | B12: =ABS(Dashboard!$B$7-(Dashboard!$B$20+SUM(Raw_Inventory!$F$2:$F$102)))<0.01
A13: Every refresh run ended OK | B13: =COUNTIF(Refresh_Log!$H$2:$H$13,"OK")+COUNTIF(Refresh_Log!$H$2:$H$13,"OK_WITH_QUARANTINE")=COUNTA(Refresh_Log!$A$2:$A$13)
