Workbook

Sheet Guide
A1: OpsPulse — Weekly Operations Dashboard (Mehta Trading Co., Mumbai)
A2: Demo workbook built around an operations-dashboard brief: weekly CSV
A3: exports for product movements, shift schedules and order fulfilment,
A4: turned into one refreshable dashboard for inventory, staff and orders.
A6: How to use: drop each week's new CSV rows into Movements / Raw_Shifts
A7: (extend the formula ranges) / Orders, keeping the same columns. Every
A8: derived figure — stock on hand, reorder flags, overtime, fulfilment
A9: days, weekly summaries, dashboard KPIs and Checks — is a live formula.
A10: Change the standards on the Assumptions sheet and the whole workbook
A11: recomputes. No hard-coded totals anywhere.
A13: Standards: standard shift 8 hours; overtime = worked hours above 8;
A14: on-time = shipped within 3 days of ordering; REORDER when stock on
... A18: data. Money is INR (Rs); period 7 Sep – 31 Oct 2026 (8 weeks).

Sheet Dashboard
A1: OpsPulse — Operations Dashboard (as of 2026-10-31)
A2: All values are live formulas over Inventory / Movements / Raw_Shifts / Staff / Orders / Weekly / Assumptions.
A3: SKUs in range | B3: =COUNTA(Inventory!$A$2:$A$25)
A4: SKUs needing reorder | B4: =COUNTIF(Inventory!$M$2:$M$25,"REORDER")
A5: Total stock value (Rs) | B5: =SUM(Inventory!$K$2:$K$25)
A6: Total stock on hand (units) | B6: =SUM(Inventory!$I$2:$I$25)
A7: Orders (8 weeks) | B7: =SUM(Weekly!$B$2:$B$9)
A8: Order value (Rs) | B8: =SUM(Weekly!$C$2:$C$9)
A9: On-time fulfilment | B9: =IF($B$7=0,0,SUM(Weekly!$D$2:$D$9)/$B$7)
A10: Average fulfilment (days) | B10: =AVERAGE(Orders!$H$2:$H$97)
A11: Overtime hours | B11: =SUM(Weekly!$I$2:$I$9)
A12: Staff utilisation | B12: =SUM(Staff!$E$2:$E$11)/SUM(Staff!$D$2:$D$11)
A13: Share of SKUs needing reorder | B13: =IF($B$3=0,0,$B$4/$B$3)
A14: Standard shift (hours) | B14: =Assumptions!$B$2
A15: On-time target (days) | B15: =Assumptions!$B$3
A16: Charts below are wired to Inventory / Staff / Weekly — they move with the data.

Sheet Inventory
A1: ProductID | B1: Product | C1: Category | D1: Unit | E1: OpeningStock | F1: Receipts | G1: Sales | H1: Adjustments | I1: StockOnHand | J1: UnitCost (Rs) | K1: StockValue (Rs) | L1: ReorderLevel | M1: Status
A2: P01 | B2: Basmati Rice 5kg | C2: FMCG | D2: bag | E2: 180 | F2: =SUMIFS(Movements!$E$2:$E$169,Movements!$B$2:$B$169,$A2,Movements!$C$2:$C$169,"Receipt") | G2: =SUMIFS(Movements!$E$2:$E$169,Movements!$B$2:$B$169,$A2,Movements!$C$2:$C$169,"Sale") | H2: =SUMIFS(Movements!$E$2:$E$169,Movements!$B$2:$B$169,$A2,Movements!$C$2:$C$169,"Adjustment") | I2: =$E2+$F2-$G2+$H2 | J2: 420 | K2: =$I2*$J2 | L2: 50 | M2: =IF($I2<=$L2,"REORDER","OK")
A3: P02 | B3: Mustard Oil 1L | C3: FMCG | D3: bottle | E3: 150 | F3: =SUMIFS(Movements!$E$2:$E$169,Movements!$B$2:$B$169,$A3,Movements!$C$2:$C$169,"Receipt") | G3: =SUMIFS(Movements!$E$2:$E$169,Movements!$B$2:$B$169,$A3,Movements!$C$2:$C$169,"Sale") | H3: =SUMIFS(Movements!$E$2:$E$169,Movements!$B$2:$B$169,$A3,Movements!$C$2:$C$169,"Adjustment") | I3: =$E3+$F3-$G3+$H3 | J3: 165 | K3: =$I3*$J3 | L3: 45 | M3: =IF($I3<=$L3,"REORDER","OK")
A4: P03 | B4: Wheat Flour 10kg | C4: FMCG | D4: bag | E4: 200 | F4: =SUMIFS(Movements!$E$2:$E$169,Movements!$B$2:$B$169,$A4,Movements!$C$2:$C$169,"Receipt") | G4: =SUMIFS(Movements!$E$2:$E$169,Movements!$B$2:$B$169,$A4,Movements!$C$2:$C$169,"Sale") | H4: =SUMIFS(Movements!$E$2:$E$169,Movements!$B$2:$B$169,$A4,Movements!$C$2:$C$169,"Adjustment") | I4: =$E4+$F4-$G4+$H4 | J4: 380 | K4: =$I4*$J4 | L4: 55 | M4: =IF($I4<=$L4,"REORDER","OK")
A5: P04 | B5: Sugar 5kg | C5: FMCG | D5: bag | E5: 160 | F5: =SUMIFS(Movements!$E$2:$E$169,Movements!$B$2:$B$169,$A5,Movements!$C$2:$C$169,"Receipt") | G5: =SUMIFS(Movements!$E$2:$E$169,Movements!$B$2:$B$169,$A5,Movements!$C$2:$C$169,"Sale") | H5: =SUMIFS(Movements!$E$2:$E$169,Movements!$B$2:$B$169,$A5,Movements!$C$2:$C$169,"Adjustment") | I5: =$E5+$F5-$G5+$H5 | J5: 230 | K5: =$I5*$J5 | L5: 40 | M5: =IF($I5<=$L5,"REORDER","OK")
A6: P05 | B6: Tea Powder 500g | C6: FMCG | D6: pack | E6: 120 | F6: =SUMIFS(Movements!$E$2:$E$169,Movements!$B$2:$B$169,$A6,Movements!$C$2:$C$169,"Receipt") | G6: =SUMIFS(Movements!$E$2:$E$169,Movements!$B$2:$B$169,$A6,Movements!$C$2:$C$169,"Sale") | H6: =SUMIFS(Movements!$E$2:$E$169,Movements!$B$2:$B$169,$A6,Movements!$C$2:$C$169,"Adjustment") | I6: =$E6+$F6-$G6+$H6 | J6: 310 | K6: =$I6*$J6 | L6: 35 | M6: =IF($I6<=$L6,"REORDER","OK")
A7: P06 | B7: Toor Dal 2kg | C7: FMCG | D7: pack | E7: 140 | F7: =SUMIFS(Movements!$E$2:$E$169,Movements!$B$2:$B$169,$A7,Movements!$C$2:$C$169,"Receipt") | G7: =SUMIFS(Movements!$E$2:$E$169,Movements!$B$2:$B$169,$A7,Movements!$C$2:$C$169,"Sale") | H7: =SUMIFS(Movements!$E$2:$E$169,Movements!$B$2:$B$169,$A7,Movements!$C$2:$C$169,"Adjustment") | I7: =$E7+$F7-$G7+$H7 | J7: 285 | K7: =$I7*$J7 | L7: 40 | M7: =IF($I7<=$L7,"REORDER","OK")
A8: P07 | B8: LED Bulb 9W | C8: Electronics | D8: unit | E8: 220 | F8: =SUMIFS(Movements!$E$2:$E$169,Movements!$B$2:$B$169,$A8,Movements!$C$2:$C$169,"Receipt") | G8: =SUMIFS(Movements!$E$2:$E$169,Movements!$B$2:$B$169,$A8,Movements!$C$2:$C$169,"Sale") | H8: =SUMIFS(Movements!$E$2:$E$169,Movements!$B$2:$B$169,$A8,Movements!$C$2:$C$169,"Adjustment") | I8: =$E8+$F8-$G8+$H8 | J8: 95 | K8: =$I8*$J8 | L8: 60 | M8: =IF($I8<=$L8,"REORDER","OK")
A9: P08 | B9: Extension Board 5m | C9: Electronics | D9: unit | E9: 90 | F9: =SUMIFS(Movements!$E$2:$E$169,Movements!$B$2:$B$169,$A9,Movements!$C$2:$C$169,"Receipt") | G9: =SUMIFS(Movements!$E$2:$E$169,Movements!$B$2:$B$169,$A9,Movements!$C$2:$C$169,"Sale") | H9: =SUMIFS(Movements!$E$2:$E$169,Movements!$B$2:$B$169,$A9,Movements!$C$2:$C$169,"Adjustment") | I9: =$E9+$F9-$G9+$H9 | J9: 340 | K9: =$I9*$J9 | L9: 30 | M9: =IF($I9<=$L9,"REORDER","OK")
A10: P09 | B10: USB Cable 1m | C10: Electronics | D10: unit | E10: 260 | F10: =SUMIFS(Movements!$E$2:$E$169,Movements!$B$2:$B$169,$A10,Movements!$C$2:$C$169,"Receipt") | G10: =SUMIFS(Movements!$E$2:$E$169,Movements!$B$2:$B$169,$A10,Movements!$C$2:$C$169,"Sale") | H10: =SUMIFS(Movements!$E$2:$E$169,Movements!$B$2:$B$169,$A10,Movements!$C$2:$C$169,"Adjustment") | I10: =$E10+$F10-$G10+$H10 | J10: 85 | K10: =$I10*$J10 | L10: 70 | M10: =IF($I10<=$L10,"REORDER","OK")
A11: P10 | B11: Table Fan 400mm | C11: Electronics | D11: unit | E11: 70 | F11: =SUMIFS(Movements!$E$2:$E$169,Movements!$B$2:$B$169,$A11,Movements!$C$2:$C$169,"Receipt") | G11: =SUMIFS(Movements!$E$2:$E$169,Movements!$B$2:$B$169,$A11,Movements!$C$2:$C$169,"Sale") | H11: =SUMIFS(Movements!$E$2:$E$169,Movements!$B$2:$B$169,$A11,Movements!$C$2:$C$169,"Adjustment") | I11: =$E11+$F11-$G11+$H11 | J11: 1450 | K11: =$I11*$J11 | L11: 25 | M11: =IF($I11<=$L11,"REORDER","OK")
A12: P11 | B12: Mixer Grinder 750W | C12: Electronics | D12: unit | E12: 55 | F12: =SUMIFS(Movements!$E$2:$E$169,Movements!$B$2:$B$169,$A12,Movements!$C$2:$C$169,"Receipt") | G12: =SUMIFS(Movements!$E$2:$E$169,Movements!$B$2:$B$169,$A12,Movements!$C$2:$C$169,"Sale") | H12: =SUMIFS(Movements!$E$2:$E$169,Movements!$B$2:$B$169,$A12,Movements!$C$2:$C$169,"Adjustment") | I12: =$E12+$F12-$G12+$H12 | J12: 2850 | K12: =$I12*$J12 | L12: 20 | M12: =IF($I12<=$L12,"REORDER","OK")
A13: P12 | B13: Iron Box Steam | C13: Electronics | D13: unit | E13: 65 | F13: =SUMIFS(Movements!$E$2:$E$169,Movements!$B$2:$B$169,$A13,Movements!$C$2:$C$169,"Receipt") | G13: =SUMIFS(Movements!$E$2:$E$169,Movements!$B$2:$B$169,$A13,Movements!$C$2:$C$169,"Sale") | H13: =SUMIFS(Movements!$E$2:$E$169,Movements!$B$2:$B$169,$A13,Movements!$C$2:$C$169,"Adjustment") | I13: =$E13+$F13-$G13+$H13 | J13: 1180 | K13: =$I13*$J13 | L13: 25 | M13: =IF($I13<=$L13,"REORDER","OK")
... A25: P24 | B25: Broom + Dustpan Set | C25: Home | D25: set | E25: 115 | F25: =SUMIFS(Movements!$E$2:$E$169,Movements!$B$2:$B$169,$A25,Movements!$C$2:$C$169,"Receipt") | G25: =SUMIFS(Movements!$E$2:$E$169,Movements!$B$2:$B$169,$A25,Movements!$C$2:$C$169,"Sale") | H25: =SUMIFS(Movements!$E$2:$E$169,Movements!$B$2:$B$169,$A25,Movements!$C$2:$C$169,"Adjustment") | I25: =$E25+$F25-$G25+$H25 | J25: 210 | K25: =$I25*$J25 | L25: 35 | M25: =IF($I25<=$L25,"REORDER","OK")
A26: TOTAL | E26: =SUM($E$2:$E$25) | F26: =SUM($F$2:$F$25) | G26: =SUM($G$2:$G$25) | H26: =SUM($H$2:$H$25) | I26: =SUM($I$2:$I$25) | K26: =SUM($K$2:$K$25)

Sheet Movements
A1: MovementDate | B1: ProductID | C1: MovementType | D1: WeekStart | E1: Quantity | F1: NetQuantity
A2: 46272 | B2: P15 | C2: Receipt | D2: 46272 | E2: 64 | F2: =IF($C2="Sale",-$E2,$E2)
A3: 46272 | B3: P19 | C3: Receipt | D3: 46272 | E3: 38 | F3: =IF($C3="Sale",-$E3,$E3)
A4: 46273 | B4: P24 | C4: Receipt | D4: 46272 | E4: 56 | F4: =IF($C4="Sale",-$E4,$E4)
A5: 46274 | B5: P06 | C5: Receipt | D5: 46272 | E5: 65 | F5: =IF($C5="Sale",-$E5,$E5)
A6: 46275 | B6: P06 | C6: Sale | D6: 46272 | E6: 54 | F6: =IF($C6="Sale",-$E6,$E6)
A7: 46275 | B7: P08 | C7: Receipt | D7: 46272 | E7: 20 | F7: =IF($C7="Sale",-$E7,$E7)
A8: 46275 | B8: P11 | C8: Receipt | D8: 46272 | E8: 34 | F8: =IF($C8="Sale",-$E8,$E8)
A9: 46275 | B9: P18 | C9: Sale | D9: 46272 | E9: 44 | F9: =IF($C9="Sale",-$E9,$E9)
A10: 46275 | B10: P19 | C10: Sale | D10: 46272 | E10: 31 | F10: =IF($C10="Sale",-$E10,$E10)
A11: 46276 | B11: P10 | C11: Adjustment | D11: 46272 | E11: 4 | F11: =IF($C11="Sale",-$E11,$E11)
A12: 46277 | B12: P04 | C12: Adjustment | D12: 46272 | E12: -5 | F12: =IF($C12="Sale",-$E12,$E12)
A13: 46277 | B13: P10 | C13: Sale | D13: 46272 | E13: 54 | F13: =IF($C13="Sale",-$E13,$E13)
... A169: 46326 | B169: P22 | C169: Sale | D169: 46321 | E169: 103 | F169: =IF($C169="Sale",-$E169,$E169)

Sheet Raw_Shifts
A1: ShiftDate | B1: Employee | C1: Team | D1: WeekStart | E1: ScheduledHours | F1: WorkedHours | G1: OvertimeHours
A2: 46272 | B2: Anita Desai | C2: Delivery | D2: 46272 | E2: 8 | F2: 9.5 | G2: =MAX(0,$F2-Assumptions!$B$2)
A3: 46272 | B3: Priya Nair | C3: Packing | D3: 46272 | E3: 8 | F3: 10 | G3: =MAX(0,$F3-Assumptions!$B$2)
A4: 46272 | B4: Sanjay Yadav | C4: Packing | D4: 46272 | E4: 8 | F4: 9.5 | G4: =MAX(0,$F4-Assumptions!$B$2)
A5: 46273 | B5: Priya Nair | C5: Packing | D5: 46272 | E5: 8 | F5: 7 | G5: =MAX(0,$F5-Assumptions!$B$2)
A6: 46274 | B6: Imran Khan | C6: Warehouse | D6: 46272 | E6: 8 | F6: 11 | G6: =MAX(0,$F6-Assumptions!$B$2)
A7: 46274 | B7: Sanjay Yadav | C7: Packing | D7: 46272 | E7: 8 | F7: 10 | G7: =MAX(0,$F7-Assumptions!$B$2)
A8: 46274 | B8: Vikram Rao | C8: Delivery | D8: 46272 | E8: 8 | F8: 8 | G8: =MAX(0,$F8-Assumptions!$B$2)
A9: 46275 | B9: Anita Desai | C9: Delivery | D9: 46272 | E9: 8 | F9: 6.5 | G9: =MAX(0,$F9-Assumptions!$B$2)
A10: 46275 | B10: Asha Verma | C10: Warehouse | D10: 46272 | E10: 8 | F10: 10 | G10: =MAX(0,$F10-Assumptions!$B$2)
A11: 46275 | B11: Imran Khan | C11: Warehouse | D11: 46272 | E11: 8 | F11: 9.5 | G11: =MAX(0,$F11-Assumptions!$B$2)
A12: 46276 | B12: Kiran Patel | C12: Delivery | D12: 46272 | E12: 8 | F12: 11 | G12: =MAX(0,$F12-Assumptions!$B$2)
A13: 46277 | B13: Anita Desai | C13: Delivery | D13: 46272 | E13: 8 | F13: 10 | G13: =MAX(0,$F13-Assumptions!$B$2)
... A121: 46326 | B121: Priya Nair | C121: Packing | D121: 46321 | E121: 8 | F121: 6.5 | G121: =MAX(0,$F121-Assumptions!$B$2)

Sheet Staff
A1: Employee | B1: Team | C1: Shifts | D1: ScheduledHours | E1: WorkedHours | F1: OvertimeHours | G1: Utilisation | H1: Status
A2: Anita Desai | B2: Delivery | C2: =COUNTIF(Raw_Shifts!$B$2:$B$121,$A2) | D2: =SUMIF(Raw_Shifts!$B$2:$B$121,$A2,Raw_Shifts!$E$2:$E$121) | E2: =SUMIF(Raw_Shifts!$B$2:$B$121,$A2,Raw_Shifts!$F$2:$F$121) | F2: =SUMIF(Raw_Shifts!$B$2:$B$121,$A2,Raw_Shifts!$G$2:$G$121) | G2: =IF($D2=0,0,$E2/$D2) | H2: =IF($F2>10,"Review","OK")
A3: Priya Nair | B3: Packing | C3: =COUNTIF(Raw_Shifts!$B$2:$B$121,$A3) | D3: =SUMIF(Raw_Shifts!$B$2:$B$121,$A3,Raw_Shifts!$E$2:$E$121) | E3: =SUMIF(Raw_Shifts!$B$2:$B$121,$A3,Raw_Shifts!$F$2:$F$121) | F3: =SUMIF(Raw_Shifts!$B$2:$B$121,$A3,Raw_Shifts!$G$2:$G$121) | G3: =IF($D3=0,0,$E3/$D3) | H3: =IF($F3>10,"Review","OK")
A4: Sanjay Yadav | B4: Packing | C4: =COUNTIF(Raw_Shifts!$B$2:$B$121,$A4) | D4: =SUMIF(Raw_Shifts!$B$2:$B$121,$A4,Raw_Shifts!$E$2:$E$121) | E4: =SUMIF(Raw_Shifts!$B$2:$B$121,$A4,Raw_Shifts!$F$2:$F$121) | F4: =SUMIF(Raw_Shifts!$B$2:$B$121,$A4,Raw_Shifts!$G$2:$G$121) | G4: =IF($D4=0,0,$E4/$D4) | H4: =IF($F4>10,"Review","OK")
A5: Imran Khan | B5: Warehouse | C5: =COUNTIF(Raw_Shifts!$B$2:$B$121,$A5) | D5: =SUMIF(Raw_Shifts!$B$2:$B$121,$A5,Raw_Shifts!$E$2:$E$121) | E5: =SUMIF(Raw_Shifts!$B$2:$B$121,$A5,Raw_Shifts!$F$2:$F$121) | F5: =SUMIF(Raw_Shifts!$B$2:$B$121,$A5,Raw_Shifts!$G$2:$G$121) | G5: =IF($D5=0,0,$E5/$D5) | H5: =IF($F5>10,"Review","OK")
A6: Vikram Rao | B6: Delivery | C6: =COUNTIF(Raw_Shifts!$B$2:$B$121,$A6) | D6: =SUMIF(Raw_Shifts!$B$2:$B$121,$A6,Raw_Shifts!$E$2:$E$121) | E6: =SUMIF(Raw_Shifts!$B$2:$B$121,$A6,Raw_Shifts!$F$2:$F$121) | F6: =SUMIF(Raw_Shifts!$B$2:$B$121,$A6,Raw_Shifts!$G$2:$G$121) | G6: =IF($D6=0,0,$E6/$D6) | H6: =IF($F6>10,"Review","OK")
A7: Asha Verma | B7: Warehouse | C7: =COUNTIF(Raw_Shifts!$B$2:$B$121,$A7) | D7: =SUMIF(Raw_Shifts!$B$2:$B$121,$A7,Raw_Shifts!$E$2:$E$121) | E7: =SUMIF(Raw_Shifts!$B$2:$B$121,$A7,Raw_Shifts!$F$2:$F$121) | F7: =SUMIF(Raw_Shifts!$B$2:$B$121,$A7,Raw_Shifts!$G$2:$G$121) | G7: =IF($D7=0,0,$E7/$D7) | H7: =IF($F7>10,"Review","OK")
A8: Kiran Patel | B8: Delivery | C8: =COUNTIF(Raw_Shifts!$B$2:$B$121,$A8) | D8: =SUMIF(Raw_Shifts!$B$2:$B$121,$A8,Raw_Shifts!$E$2:$E$121) | E8: =SUMIF(Raw_Shifts!$B$2:$B$121,$A8,Raw_Shifts!$F$2:$F$121) | F8: =SUMIF(Raw_Shifts!$B$2:$B$121,$A8,Raw_Shifts!$G$2:$G$121) | G8: =IF($D8=0,0,$E8/$D8) | H8: =IF($F8>10,"Review","OK")
A9: Meera Joshi | B9: Packing | C9: =COUNTIF(Raw_Shifts!$B$2:$B$121,$A9) | D9: =SUMIF(Raw_Shifts!$B$2:$B$121,$A9,Raw_Shifts!$E$2:$E$121) | E9: =SUMIF(Raw_Shifts!$B$2:$B$121,$A9,Raw_Shifts!$F$2:$F$121) | F9: =SUMIF(Raw_Shifts!$B$2:$B$121,$A9,Raw_Shifts!$G$2:$G$121) | G9: =IF($D9=0,0,$E9/$D9) | H9: =IF($F9>10,"Review","OK")
A10: Rahul Singh | B10: Warehouse | C10: =COUNTIF(Raw_Shifts!$B$2:$B$121,$A10) | D10: =SUMIF(Raw_Shifts!$B$2:$B$121,$A10,Raw_Shifts!$E$2:$E$121) | E10: =SUMIF(Raw_Shifts!$B$2:$B$121,$A10,Raw_Shifts!$F$2:$F$121) | F10: =SUMIF(Raw_Shifts!$B$2:$B$121,$A10,Raw_Shifts!$G$2:$G$121) | G10: =IF($D10=0,0,$E10/$D10) | H10: =IF($F10>10,"Review","OK")
A11: Neha Gupta | B11: Admin | C11: =COUNTIF(Raw_Shifts!$B$2:$B$121,$A11) | D11: =SUMIF(Raw_Shifts!$B$2:$B$121,$A11,Raw_Shifts!$E$2:$E$121) | E11: =SUMIF(Raw_Shifts!$B$2:$B$121,$A11,Raw_Shifts!$F$2:$F$121) | F11: =SUMIF(Raw_Shifts!$B$2:$B$121,$A11,Raw_Shifts!$G$2:$G$121) | G11: =IF($D11=0,0,$E11/$D11) | H11: =IF($F11>10,"Review","OK")
A12: TOTAL | C12: =SUM($C$2:$C$11) | D12: =SUM($D$2:$D$11) | E12: =SUM($E$2:$E$11) | F12: =SUM($F$2:$F$11)

Sheet Orders
A1: OrderID | B1: OrderDate | C1: ProductID | D1: Quantity | E1: UnitPrice (Rs) | F1: OrderValue (Rs) | G1: ShipDate | H1: FulfilmentDays | I1: WeekStart | J1: OnTime
A2: O028 | B2: 46273 | C2: P17 | D2: 9 | E2: 1323 | F2: =$D2*$E2 | G2: 46274 | H2: =$G2-$B2 | I2: 46272 | J2: =IF($H2<=Assumptions!$B$3,"Yes","No")
A3: O038 | B3: 46274 | C3: P14 | D3: 18 | E3: 1202 | F3: =$D3*$E3 | G3: 46279 | H3: =$G3-$B3 | I3: 46272 | J3: =IF($H3<=Assumptions!$B$3,"Yes","No")
A4: O055 | B4: 46275 | C4: P18 | D4: 18 | E4: 526 | F4: =$D4*$E4 | G4: 46278 | H4: =$G4-$B4 | I4: 46272 | J4: =IF($H4<=Assumptions!$B$3,"Yes","No")
A5: O039 | B5: 46276 | C5: P02 | D5: 9 | E5: 223 | F5: =$D5*$E5 | G5: 46278 | H5: =$G5-$B5 | I5: 46272 | J5: =IF($H5<=Assumptions!$B$3,"Yes","No")
A6: O085 | B6: 46276 | C6: P17 | D6: 16 | E6: 1323 | F6: =$D6*$E6 | G6: 46278 | H6: =$G6-$B6 | I6: 46272 | J6: =IF($H6<=Assumptions!$B$3,"Yes","No")
A7: O095 | B7: 46276 | C7: P18 | D7: 12 | E7: 526 | F7: =$D7*$E7 | G7: 46280 | H7: =$G7-$B7 | I7: 46272 | J7: =IF($H7<=Assumptions!$B$3,"Yes","No")
A8: O018 | B8: 46278 | C8: P14 | D8: 12 | E8: 1202 | F8: =$D8*$E8 | G8: 46282 | H8: =$G8-$B8 | I8: 46272 | J8: =IF($H8<=Assumptions!$B$3,"Yes","No")
A9: O068 | B9: 46279 | C9: P08 | D9: 10 | E9: 459 | F9: =$D9*$E9 | G9: 46280 | H9: =$G9-$B9 | I9: 46279 | J9: =IF($H9<=Assumptions!$B$3,"Yes","No")
A10: O075 | B10: 46279 | C10: P17 | D10: 4 | E10: 1323 | F10: =$D10*$E10 | G10: 46284 | H10: =$G10-$B10 | I10: 46279 | J10: =IF($H10<=Assumptions!$B$3,"Yes","No")
A11: O090 | B11: 46279 | C11: P21 | D11: 13 | E11: 432 | F11: =$D11*$E11 | G11: 46284 | H11: =$G11-$B11 | I11: 46279 | J11: =IF($H11<=Assumptions!$B$3,"Yes","No")
A12: O058 | B12: 46280 | C12: P11 | D12: 16 | E12: 3848 | F12: =$D12*$E12 | G12: 46284 | H12: =$G12-$B12 | I12: 46279 | J12: =IF($H12<=Assumptions!$B$3,"Yes","No")
A13: O048 | B13: 46281 | C13: P18 | D13: 8 | E13: 526 | F13: =$D13*$E13 | G13: 46286 | H13: =$G13-$B13 | I13: 46279 | J13: =IF($H13<=Assumptions!$B$3,"Yes","No")
... A97: O094 | B97: 46322 | C97: P23 | D97: 18 | E97: 162 | F97: =$D97*$E97 | G97: 46323 | H97: =$G97-$B97 | I97: 46321 | J97: =IF($H97<=Assumptions!$B$3,"Yes","No")
A98: TOTAL | D98: =SUM($D$2:$D$97) | F98: =SUM($F$2:$F$97)

Sheet Weekly
A1: WeekStart | B1: Orders | C1: OrderValue (Rs) | D1: OnTimeOrders | E1: OnTimePct | F1: AvgFulfilmentDays | G1: ReceiptQty | H1: SaleQty | I1: OvertimeHours
A2: 46272 | B2: =COUNTIF(Orders!$I$2:$I$97,$A2) | C2: =SUMIF(Orders!$I$2:$I$97,$A2,Orders!$F$2:$F$97) | D2: =COUNTIFS(Orders!$I$2:$I$97,$A2,Orders!$J$2:$J$97,"Yes") | E2: =IF($B2=0,0,$D2/$B2) | F2: =AVERAGEIF(Orders!$I$2:$I$97,$A2,Orders!$H$2:$H$97) | G2: =SUMIFS(Movements!$E$2:$E$169,Movements!$D$2:$D$169,$A2,Movements!$C$2:$C$169,"Receipt") | H2: =SUMIFS(Movements!$E$2:$E$169,Movements!$D$2:$D$169,$A2,Movements!$C$2:$C$169,"Sale") | I2: =SUMIF(Raw_Shifts!$D$2:$D$121,$A2,Raw_Shifts!$G$2:$G$121)
A3: 46279 | B3: =COUNTIF(Orders!$I$2:$I$97,$A3) | C3: =SUMIF(Orders!$I$2:$I$97,$A3,Orders!$F$2:$F$97) | D3: =COUNTIFS(Orders!$I$2:$I$97,$A3,Orders!$J$2:$J$97,"Yes") | E3: =IF($B3=0,0,$D3/$B3) | F3: =AVERAGEIF(Orders!$I$2:$I$97,$A3,Orders!$H$2:$H$97) | G3: =SUMIFS(Movements!$E$2:$E$169,Movements!$D$2:$D$169,$A3,Movements!$C$2:$C$169,"Receipt") | H3: =SUMIFS(Movements!$E$2:$E$169,Movements!$D$2:$D$169,$A3,Movements!$C$2:$C$169,"Sale") | I3: =SUMIF(Raw_Shifts!$D$2:$D$121,$A3,Raw_Shifts!$G$2:$G$121)
A4: 46286 | B4: =COUNTIF(Orders!$I$2:$I$97,$A4) | C4: =SUMIF(Orders!$I$2:$I$97,$A4,Orders!$F$2:$F$97) | D4: =COUNTIFS(Orders!$I$2:$I$97,$A4,Orders!$J$2:$J$97,"Yes") | E4: =IF($B4=0,0,$D4/$B4) | F4: =AVERAGEIF(Orders!$I$2:$I$97,$A4,Orders!$H$2:$H$97) | G4: =SUMIFS(Movements!$E$2:$E$169,Movements!$D$2:$D$169,$A4,Movements!$C$2:$C$169,"Receipt") | H4: =SUMIFS(Movements!$E$2:$E$169,Movements!$D$2:$D$169,$A4,Movements!$C$2:$C$169,"Sale") | I4: =SUMIF(Raw_Shifts!$D$2:$D$121,$A4,Raw_Shifts!$G$2:$G$121)
A5: 46293 | B5: =COUNTIF(Orders!$I$2:$I$97,$A5) | C5: =SUMIF(Orders!$I$2:$I$97,$A5,Orders!$F$2:$F$97) | D5: =COUNTIFS(Orders!$I$2:$I$97,$A5,Orders!$J$2:$J$97,"Yes") | E5: =IF($B5=0,0,$D5/$B5) | F5: =AVERAGEIF(Orders!$I$2:$I$97,$A5,Orders!$H$2:$H$97) | G5: =SUMIFS(Movements!$E$2:$E$169,Movements!$D$2:$D$169,$A5,Movements!$C$2:$C$169,"Receipt") | H5: =SUMIFS(Movements!$E$2:$E$169,Movements!$D$2:$D$169,$A5,Movements!$C$2:$C$169,"Sale") | I5: =SUMIF(Raw_Shifts!$D$2:$D$121,$A5,Raw_Shifts!$G$2:$G$121)
A6: 46300 | B6: =COUNTIF(Orders!$I$2:$I$97,$A6) | C6: =SUMIF(Orders!$I$2:$I$97,$A6,Orders!$F$2:$F$97) | D6: =COUNTIFS(Orders!$I$2:$I$97,$A6,Orders!$J$2:$J$97,"Yes") | E6: =IF($B6=0,0,$D6/$B6) | F6: =AVERAGEIF(Orders!$I$2:$I$97,$A6,Orders!$H$2:$H$97) | G6: =SUMIFS(Movements!$E$2:$E$169,Movements!$D$2:$D$169,$A6,Movements!$C$2:$C$169,"Receipt") | H6: =SUMIFS(Movements!$E$2:$E$169,Movements!$D$2:$D$169,$A6,Movements!$C$2:$C$169,"Sale") | I6: =SUMIF(Raw_Shifts!$D$2:$D$121,$A6,Raw_Shifts!$G$2:$G$121)
A7: 46307 | B7: =COUNTIF(Orders!$I$2:$I$97,$A7) | C7: =SUMIF(Orders!$I$2:$I$97,$A7,Orders!$F$2:$F$97) | D7: =COUNTIFS(Orders!$I$2:$I$97,$A7,Orders!$J$2:$J$97,"Yes") | E7: =IF($B7=0,0,$D7/$B7) | F7: =AVERAGEIF(Orders!$I$2:$I$97,$A7,Orders!$H$2:$H$97) | G7: =SUMIFS(Movements!$E$2:$E$169,Movements!$D$2:$D$169,$A7,Movements!$C$2:$C$169,"Receipt") | H7: =SUMIFS(Movements!$E$2:$E$169,Movements!$D$2:$D$169,$A7,Movements!$C$2:$C$169,"Sale") | I7: =SUMIF(Raw_Shifts!$D$2:$D$121,$A7,Raw_Shifts!$G$2:$G$121)
A8: 46314 | B8: =COUNTIF(Orders!$I$2:$I$97,$A8) | C8: =SUMIF(Orders!$I$2:$I$97,$A8,Orders!$F$2:$F$97) | D8: =COUNTIFS(Orders!$I$2:$I$97,$A8,Orders!$J$2:$J$97,"Yes") | E8: =IF($B8=0,0,$D8/$B8) | F8: =AVERAGEIF(Orders!$I$2:$I$97,$A8,Orders!$H$2:$H$97) | G8: =SUMIFS(Movements!$E$2:$E$169,Movements!$D$2:$D$169,$A8,Movements!$C$2:$C$169,"Receipt") | H8: =SUMIFS(Movements!$E$2:$E$169,Movements!$D$2:$D$169,$A8,Movements!$C$2:$C$169,"Sale") | I8: =SUMIF(Raw_Shifts!$D$2:$D$121,$A8,Raw_Shifts!$G$2:$G$121)
A9: 46321 | B9: =COUNTIF(Orders!$I$2:$I$97,$A9) | C9: =SUMIF(Orders!$I$2:$I$97,$A9,Orders!$F$2:$F$97) | D9: =COUNTIFS(Orders!$I$2:$I$97,$A9,Orders!$J$2:$J$97,"Yes") | E9: =IF($B9=0,0,$D9/$B9) | F9: =AVERAGEIF(Orders!$I$2:$I$97,$A9,Orders!$H$2:$H$97) | G9: =SUMIFS(Movements!$E$2:$E$169,Movements!$D$2:$D$169,$A9,Movements!$C$2:$C$169,"Receipt") | H9: =SUMIFS(Movements!$E$2:$E$169,Movements!$D$2:$D$169,$A9,Movements!$C$2:$C$169,"Sale") | I9: =SUMIF(Raw_Shifts!$D$2:$D$121,$A9,Raw_Shifts!$G$2:$G$121)
A10: TOTAL | B10: =SUM($B$2:$B$9) | C10: =SUM($C$2:$C$9) | D10: =SUM($D$2:$D$9) | E10: =IF($B$10=0,0,$D$10/$B$10) | F10: =AVERAGE(Orders!$H$2:$H$97) | G10: =SUM($G$2:$G$9) | H10: =SUM($H$2:$H$9) | I10: =SUM($I$2:$I$9)

Sheet Assumptions
A1: Assumptions
A2: Standard shift (hours) | B2: 8
A3: On-time target (days) | B3: 3
A4: As-of date | B4: 46326
A5: Reporting period | B5: 2026-09-07 to 2026-10-31 (8 weeks)
A6: Weeks in period | B6: 8
A7: Currency | B7: INR (Rs)

Sheet Checks
A1: Check | B1: Expected | C1: Got | D1: Diff | E1: Status
A2: SKU count | B2: 24 | C2: =COUNTA(Inventory!$A$2:$A$25) | D2: =$C2-$B2 | E2: =IF(ABS($D2)<=0,"PASS","FAIL")
A3: Dashboard stock value ties to Inventory | B3: =SUM(Inventory!$K$2:$K$25) | C3: =Dashboard!$B$5 | D3: =$C3-$B3 | E3: =IF(ABS($D3)<=0.01,"PASS","FAIL")
A4: Dashboard reorder count ties to Inventory | B4: =COUNTIF(Inventory!$M$2:$M$25,"REORDER") | C4: =Dashboard!$B$4 | D4: =$C4-$B4 | E4: =IF(ABS($D4)<=0,"PASS","FAIL")
A5: Dashboard order count ties to Orders | B5: =COUNTA(Orders!$A$2:$A$97) | C5: =Dashboard!$B$7 | D5: =$C5-$B5 | E5: =IF(ABS($D5)<=0,"PASS","FAIL")
A6: Dashboard order value ties to Weekly | B6: =SUM(Weekly!$C$2:$C$9) | C6: =Dashboard!$B$8 | D6: =$C6-$B6 | E6: =IF(ABS($D6)<=0.01,"PASS","FAIL")
A7: Weekly on-time total ties to Orders | B7: =SUM(Weekly!$D$2:$D$9) | C7: =COUNTIF(Orders!$J$2:$J$97,"Yes") | D7: =$C7-$B7 | E7: =IF(ABS($D7)<=0,"PASS","FAIL")
A8: Net movements tie to stock change | B8: =SUM(Inventory!$I$2:$I$25)-SUM(Inventory!$E$2:$E$25) | C8: =SUM(Movements!$F$2:$F$169) | D8: =$C8-$B8 | E8: =IF(ABS($D8)<=0.01,"PASS","FAIL")
A9: Weekly overtime ties to Staff | B9: =SUM(Staff!$F$2:$F$11) | C9: =SUM(Weekly!$I$2:$I$9) | D9: =$C9-$B9 | E9: =IF(ABS($D9)<=0.01,"PASS","FAIL")
A10: Products with negative stock | B10: 0 | C10: =COUNTIF(Inventory!$I$2:$I$25,"<0") | D10: =$C10-$B10 | E10: =IF(ABS($D10)<=0,"PASS","FAIL")
A11: Orders with blank ship date | B11: 0 | C11: =COUNTBLANK(Orders!$G$2:$G$97) | D11: =$C11-$B11 | E11: =IF(ABS($D11)<=0,"PASS","FAIL")
